/,PossibleBotnetDir
/bins/,PossibleBotnetDir
/order/,PossibleBotnetDir
/web/,PossibleBotnetDir
/tikz/,PossibleBotnetDir
/keeper/,PossibleBotnetDir
/adb/,PossibleBotnetDir
/plugins/quickicon/counter/,PossibleBotnetDir
/juicemain/,PossibleBotnetDir
/wp-includes/ID3/,PossibleBotnetDir
/wp-includes/ID3/vr/,PossibleBotnetDir
/microsoft/p/,PossibleBotnetDir
/system1/,PossibleBotnetDir
/rar/,PossibleBotnetDir
/forward/,PossibleBotnetDir
/portalnfeletronica/,PossibleBotnetDir
/bluray/,PossibleBotnetDir
/billisolo/,PossibleBotnetDir
/43t3f/,PossibleBotnetDir
/fdgffdsgj/,PossibleBotnetDir
/fuck/,PossibleBotnetDir
/new/,PossibleBotnetDir
/ee304de9001/,PossibleBotnetDir
/dataval/,PossibleBotnetDir
/videopad/,PossibleBotnetDir
/components/,PossibleBotnetDir
/wp-content/plugins/,PossibleBotnetDir
/novostisegodnya/,PossibleBotnetDir
/real/,PossibleBotnetDir
/mqww/,PossibleBotnetDir
/1115/,PossibleBotnetDir
/djfilez/,PossibleBotnetDir
/billifilez/,PossibleBotnetDir
/templ/,PossibleBotnetDir
/damiano/,PossibleBotnetDir
/billiefile/,PossibleBotnetDir
/userclients/,PossibleBotnetDir
/war3/,PossibleBotnetDir
/312eb1f7-d9f0-40e0-9f20-1c8ee176f1cc/,PossibleBotnetDir
/xzqswf/,PossibleBotnetDir
/wp-content/uploads/2019/12/,PossibleBotnetDir
/wp-content/themes/genesis/,PossibleBotnetDir
/templates/beez3/html/mod_login/12261/,PossibleBotnetDir
/wp-admin/12262/,PossibleBotnetDir
/dist/img/new_cart/12262/,PossibleBotnetDir
/theme.sebpo.net/zephyr/misp/,PossibleBotnetDir
/theme.sebpo.net/zephyr/tcw/,PossibleBotnetDir
/theme.sebpo.net/wsong/,PossibleBotnetDir
/aiim/,PossibleBotnetDir
/wp-includes/js/tinymce/plugins/12262/,PossibleBotnetDir
/Public/Admin/skin/default/12262/,PossibleBotnetDir
/wp-includes/sodium_compat/src/Core/12261/,PossibleBotnetDir
/wp-content/uploads/2019/07/12261/,PossibleBotnetDir
/wp-content/themes/amwal/lang/12261/,PossibleBotnetDir
/Media_Virement/,PossibleBotnetDir
/ma/,PossibleBotnetDir
/o/,PossibleBotnetDir
/1206/,PossibleBotnetDir
/demo/,PossibleBotnetDir
/web7643/,PossibleBotnetDir
/cf2/software/,PossibleBotnetDir
/ICO/time/,PossibleBotnetDir
/yy/steam/jsq/1212/,PossibleBotnetDir
/update/1172/,PossibleBotnetDir
/ddn/cj/,PossibleBotnetDir
/ICO/yy/cha2/1228/,PossibleBotnetDir
/ddn/dodonew/1162/1/,PossibleBotnetDir
/soft/linux/,PossibleBotnetDir
/ddn/dodonew/vip2157/,PossibleBotnetDir
/yy/jsq/0723/,PossibleBotnetDir
/zz/,PossibleBotnetDir
/ddn/dodonew/58/,PossibleBotnetDir
/ddn/dodonew/1159/,PossibleBotnetDir
/lc/yx/0808/,PossibleBotnetDir
/stzl/puge/0411/,PossibleBotnetDir
/udoup/1169/,PossibleBotnetDir
/ddn/dodonew/vip2162/,PossibleBotnetDir
/update/1173/,PossibleBotnetDir
/fox6login/download/,PossibleBotnetDir
/fox6.5login/fox6download/,PossibleBotnetDir
/go/,PossibleBotnetDir
/blog/trust.accs.docs.biz/,PossibleBotnetDir
/blog/fyfVE-Ni_TDnvu-SKo/,PossibleBotnetDir
/download/,PossibleBotnetDir
/js/,PossibleBotnetDir
/cgi-bin/statement/2dncw-85469-244837907-psvm73ov-sk8kiwatd/,PossibleBotnetDir
/payment/my694v1mu/se3rjs-645643779-262875964-0iuhvimw-4y9og1xk9s/,PossibleBotnetDir
/RajacLogin/Download/QuizzesAndExams/,PossibleBotnetDir
/rajaclogin/download/quizzesandexams/,PossibleBotnetDir
/Admin/parts_service/,PossibleBotnetDir
/wp-content/kOc/,PossibleBotnetDir
/backup/INC/arzgt8kg/3iyou3r-357-4688-831ao2frwo-uocbfj8h/,PossibleBotnetDir
/ubkskw29clek/available-array/TnllLYv-Rnf9JbEMPmW-profile/woEzctk-o0nqfIjNNsd9/,PossibleBotnetDir
/wp-admin/available-sector/test-profile/8ux3xq-3y91y88y2y/,PossibleBotnetDir
/wp-admin/eTrac/,PossibleBotnetDir
/wp-content/private-array/verifiable-22q8itvxxxe-latt/k1ylgyk7eill-t5tw31730uvx9/,PossibleBotnetDir
/wp-content/balance/,PossibleBotnetDir
/yao84b/INC/,PossibleBotnetDir
/httpdocs/2hkvft-mp1-6897/,PossibleBotnetDir
/httpdocs/Document/3yb2omhz114b/6-0491412-93783540-d3om79lgii-x7868ini/,PossibleBotnetDir
/httpdocs/dgl7hreodewn/,PossibleBotnetDir
/xmenial/invoice/d4nrta3o/1-2127-6129595-bb4nerj9m4z-j2a0hn3q/,PossibleBotnetDir
/xmenial/paclm/,PossibleBotnetDir
/modules/Document/cjaaquz95/d5k4w64-04091-0396438-buu84osv7yi-ytgjr6tftgs/,PossibleBotnetDir
/wp-content/updraft/oHPECmC0/,PossibleBotnetDir
/en/nbxA66tO/,PossibleBotnetDir
/wp-includes/ipPrto8x/,PossibleBotnetDir
/reconsole/OCT/lru03enn/6by-73644-77256-l44t-0fe25lv5/,PossibleBotnetDir
/wp-content/qmOZ/,PossibleBotnetDir
/test/payment/rqyenw1t2mf/,PossibleBotnetDir
/wp-content/inzl-jrd-65092/,PossibleBotnetDir
/onldk12jdksd/paclm/vpdbcbo-72791-33961978-b7do53-24zs363/,PossibleBotnetDir
/wp-includes/VMAGRU355LYG/,PossibleBotnetDir
/sentik2019/user/proposal/paclm/,PossibleBotnetDir
/ubkskw29clek/GZGPQ/,PossibleBotnetDir
/a5lgi/swift/cuk8iijky/,PossibleBotnetDir
/wp-includes/Documentation/,PossibleBotnetDir
/n0r04f/privat_Zone/schlieben_Forum/sht3sd6_67y95w/,PossibleBotnetDir
/feed/wiytu/,PossibleBotnetDir
/sites/default/files/,PossibleBotnetDir
/chiropractic/caJj0COC-0fB4XKxu-71/,PossibleBotnetDir
/raw/,PossibleBotnetDir
/language/private_module/test_cloud/72373948946419_VeYXS6X8M8/,PossibleBotnetDir
/wp-includes/common-zone/additional-space/524780978-P5iIJjo9mypCE/,PossibleBotnetDir
/administrator/common_array/open_cloud/46301603_gVATTuL2kqnB4/,PossibleBotnetDir
/b5pvcpp/common_array/special_warehouse/9143087037828_x2tZRI1GsT6S5BuJ/,PossibleBotnetDir
/wwvv2/9LfAxF-8NcPF-12/,PossibleBotnetDir
/EGR/68777203640_QcBMgBbF0NcWc6_module/corporate_l2nd_rzyvhl/emccgBlsSvs_GqgqHsImf1mnvG/,PossibleBotnetDir
/alex/,PossibleBotnetDir
/Sitio_web/8089927538285_zo8oS_array/Ik2zj_YY1CqdakHWX_6626297878_GBZS7BPe0bCxCie/e36varge2znezx1_00s867s4/,PossibleBotnetDir
/27384913211144409/o4rx-iGt-4153/,PossibleBotnetDir
/school/personal_box/additional_87002775343_G7aUHt2f08W/6ulznn_s55t9673s/,PossibleBotnetDir
/photogallery/pages/css/common-array/guarded-space/dc50yhvfgn3i-6twt5tw24/,PossibleBotnetDir
/adventure/available_zone/close_portal/vmVY65_ioHw3upJ7tM/,PossibleBotnetDir
/wp-content/NaPX-BkZee-5094103/,PossibleBotnetDir
/cgi-bin/multifunctional_section/corporate_portal/wXJajgjtZv_wMv8c0hb03pm9/,PossibleBotnetDir
/includes/pvhocu-y7nq8nxxb-module/open-cloud/PW6DVwu4r5b3-d7m56f3G59/,PossibleBotnetDir
/isaku139/personal_yf8lj2xgt060cd_pcp0ko38y/additional_forum/QKzxm_mvubvg3dn/,PossibleBotnetDir
/images/images_upload/LjzmxQKL27958/,PossibleBotnetDir
/can/,PossibleBotnetDir
/wp-admin/KdQVLFnA0445/,PossibleBotnetDir
/wp-includes/LLC/tub7mb-6977-0959-dpx2oyot4-d8fndmrf/,PossibleBotnetDir
/wp-content/uploads/9m8b-1629-24/,PossibleBotnetDir
/ox1rq9-rmi4-454/en8tqo-hgb4-09/,PossibleBotnetDir
/wp-includes/common_box/interior_ZBpK_wwXBbdgW/375677616_iWHMsJbepVdSzDD/,PossibleBotnetDir
/addons/854592215-bfAsz-section/security-area/71325220-bgqDiroIRhJL0/,PossibleBotnetDir
/addons/closed_module/corporate_F14U4ppeq_1y9zwfpJvpPTUR/UbL8fATu_KyGuII9Ltfd/,PossibleBotnetDir
/Old_site/esp/lrl0bony3/xzkp8c8-9089622062-845-t3xa-ui8qpslsxwk/,PossibleBotnetDir
/wp-admin/kdkm0b-ho58-872/,PossibleBotnetDir
/worthog/q4geszT8/,PossibleBotnetDir
/wp-admin/SELFt1969/,PossibleBotnetDir
/wp-content/payment/f8mmqo1rg/,PossibleBotnetDir
/statistik/esp/bp-7885-08769844-5h8q1pqy6-g3y5elxi5a9/,PossibleBotnetDir
/blog/open-section/security-profile/Bco9yGG-Ilxn8H4l0kzn/ChristmaseCard/,PossibleBotnetDir
/wp-content/huFaFLh/,PossibleBotnetDir
/phpmaill/y642fcio2oya/,PossibleBotnetDir
/wp-admin/yb5WTyOZz/,PossibleBotnetDir
/wp-admin/disponibile_box/close_forum/km9_t5zsu54/,PossibleBotnetDir
/qj8v1ptribj4o7_20bk4g_disk/verifiable_profile/39957306_8Qyp4vulr3/,PossibleBotnetDir
/wp-admin/eys-tsle4-85/,PossibleBotnetDir
/wp-content/,PossibleBotnetDir
/wp-content/plugins/ultimate-tinymce/includes/,PossibleBotnetDir
/wp-content/plugins/qtranslate/,PossibleBotnetDir
/wp-content/RGQ6/,PossibleBotnetDir
/wp-content/b1h2k-364-66577179-e72mxv21v-tb4wey/,PossibleBotnetDir
/joomla/52784238/icsgyjqz/,PossibleBotnetDir
/glyzr/multifunctional_array/close_forum/zxauirpamhi85d_6y3s41593w/,PossibleBotnetDir
/files/general/file/gama/,PossibleBotnetDir
/wp-content/uploads/0354250734489849/2jt1h2nugc/j5e0f-38513404-10552-fjtfmv4h-t8ldz4y/,PossibleBotnetDir
/iri/balance/psdgtvximb/x-410373733-280186635-qr8xo41kxd3-803lusk7pk4/,PossibleBotnetDir
/css/lRI1O_lEANm650t9Zhc_disk/Lw6J2G_QUHnS3A4_cloud/29862607676709_hdko3SQpSzIGd/,PossibleBotnetDir
/wp-includes/report/,PossibleBotnetDir
/qdqzks/OCT/,PossibleBotnetDir
/raemult/comune-XViJf4Q8-8itqFFKjLkYn/custodito-9zf2yuiri7y-lena2twce/eH4lv-Hm8tjNyHk/,PossibleBotnetDir
/9t1c6/protetta_settore/esterno_cloud/1379121979883_a2XRL3/,PossibleBotnetDir
/cgi-bin/DrjIA/,PossibleBotnetDir
/wp-admin/parts_service/gn9cpga4e/,PossibleBotnetDir
/wp-admin/swift/3aeul9a-6427-7643-jkgnw-locu/,PossibleBotnetDir
/qytp/browse/dg7-4053-71756-32vao-tpi6yyk9zmr/,PossibleBotnetDir
/backups/ltsnn90/,PossibleBotnetDir
/modules/TYJwbOkm/,PossibleBotnetDir
/cgi-bin/YylxPF/,PossibleBotnetDir
/iwa21/ZvfClE/,PossibleBotnetDir
/IQwK-H3ozxvddE7COI2_JSFxHwyu-e6/Reporting/0i8bufo/,PossibleBotnetDir
/wp-admin/browse/4m6w69lpp57g/,PossibleBotnetDir
/valentine/7eW-m2K-6058/,PossibleBotnetDir
/protected/runtime/cache/available_hw3l_p054iwb/guarded_cYPb6sh1v_vzDrssjjzDXzg/DWu9lbY1tO_g6npkbkkuf/,PossibleBotnetDir
/sieben/wp-content/invoice/yil52aw-1858614760-392653053-uil3uinmy-0c7cawyeurf/,PossibleBotnetDir
/about/lm/5oj0ss1de/,PossibleBotnetDir
/Scripts/private_21914900_qcLdj9931/individual_space/xd75k_t98yvw0ys889/,PossibleBotnetDir
/dzieci/8kjX_nQR0pKJKjARfY_disk/corporate_cloud/8fosnwsppopk3th5_4507y/,PossibleBotnetDir
/senna/nS6TEkXRfL-rC0e6Z8CWNc-box/guarded-cloud/2659172096764-E5u6txmyhCVffFt/,PossibleBotnetDir
/Scripts/Widgets/G5p-Os5B-47766/,PossibleBotnetDir
/proyectos/LLC/6ujmmz/w-2654452-4048-b3t133qcac-67b27/,PossibleBotnetDir
/wwvv2/hQg711700/,PossibleBotnetDir
/wp-admin/statement/c13dhool9wg/,PossibleBotnetDir
/dokuwiki/invoice/e7pk0k76i/e5-15547-551012084-cxo8vtqfi3i-g1i4ufq/,PossibleBotnetDir
/cgi-bin/4z9pv03gkmw6/uo6oj-646220-379272067-uuefjleeg-i2qmoh2/,PossibleBotnetDir
/wp-content/INC/kr-16719-639-k4apfjd-cyuzkn874ip1/,PossibleBotnetDir
/credit-brains/8581746584_o3Jrr4n_section/individual_1bGfARPmCG_KVEHQyy6Flg/36bvmz19nv_7z727/,PossibleBotnetDir
/prilohy/v/css/balance/pxoqt94h1/2qudxpg-2753163-205813074-pcvzb-i9qxvocl/,PossibleBotnetDir
/wp-content/ZKThU64/,PossibleBotnetDir
/single-room-2/private_module/security_warehouse/9bWO3zdFB_djazNdp610IyKk/,PossibleBotnetDir
/wp-content/eTrac/,PossibleBotnetDir
/contactus_exported/eozs-mdw7rvw71i-8994/,PossibleBotnetDir
/themes/closed_module/2vc5f_9ll6zs85_warehouse/53wf64a_v9tv/,PossibleBotnetDir
/plugins/wk_r2ruf7me_46gBlTmt6_233eNxIz/verified_space/i4139t5s_0y256/,PossibleBotnetDir
/paladin/personal-sector/open-forum/7014894-cctMWiYxNSLq/,PossibleBotnetDir
/site_espanol/bo3/,PossibleBotnetDir
/cams/rb5b5/,PossibleBotnetDir
/musik-video/attachments/8qelqfefopk/,PossibleBotnetDir
/toprange/common_sector/security_forum/UfwxF4PXI_KilfeKkH/,PossibleBotnetDir
/wp-content/docs/fckp2-282316861-1400879-re50m-8wt0cle8yk/,PossibleBotnetDir
/opnbxs/browse/kbrrbfwg/,PossibleBotnetDir
/elements/DOC/aq7kj-7389256506-374291132-fiz6vszx9o0-dwr7/,PossibleBotnetDir
/project/Document/,PossibleBotnetDir
/cgi-bin/multifunctional-box/corporate-forum/nJWfqP6O1Pvo-inq9KfnJqGvc/,PossibleBotnetDir
/plugins/INC/cs364l/,PossibleBotnetDir
/img/private-k6NiGVzyLD-9FGf7326gED7o/security-area/OArYAmpDto-oj5M73gM/,PossibleBotnetDir
/dir/vHP/,PossibleBotnetDir
/designspace.online/open_nvor6_4lzhbbf/57062952_oDPbfI8wZbZ1zK_cloud/8lqRpNtA5E_dxHe4ngzMnNgk/,PossibleBotnetDir
/cgi-bin/available-zone/verifiable-profile/48676713781698-asHGJ/,PossibleBotnetDir
/wwvv2/FILE/,PossibleBotnetDir
/wp-admin/public/bawb6tzkxiq/tcu20-97484533-3472846-7386xjnxk-ssa0pldcybp2/,PossibleBotnetDir
/cgi-bin/available-module/open-UDhKphh5h3-tqLvAjHYWA3rT/920079-hn8Nu620O9N/,PossibleBotnetDir
/flash/css/Document/byhdi82/,PossibleBotnetDir
/skiing/viewer/css/LLKh/,PossibleBotnetDir
/Cloud/open-resource/external-ajcxenzsbq9ewa-hg3fvow5tfc/eztbkxqb0tc1jvh-116s81xts/,PossibleBotnetDir
/cache/FILE/,PossibleBotnetDir
/vbx.old/OpenVBX/config/multifunctional-module/verified-71736006-mozkS6hlogy/y2OpJOZfFd8v-yfhLNKlNKk1nv/,PossibleBotnetDir
/SFJAZZFactsheet07_files/cekqVj/,PossibleBotnetDir
/data/private_disk/close_cloud/607674286063_jPG837a0b4oA/,PossibleBotnetDir
/1765E861-BC5A-8C36-CBF085FFC80F83E2/WSGgY/,PossibleBotnetDir
/wp-admin/css/colors/available-module/corporate-427mzwa-ciigblq8/97413124969219-drTnfBjlumi/,PossibleBotnetDir
/cs/99341558139206686/gus1fv-2791850085-50-obtzca5qdk-7ybg8t/,PossibleBotnetDir
/wp-includes/protected_module/7353647239_9T3nlf46r_u2jMJEJDj_w3HIdBhyB/201712_yfwwU/,PossibleBotnetDir
/wp-content/QsGFcpd/,PossibleBotnetDir
/docs/common_zone/gpms4pf_ljzkowiu4u_area/994e39i60ijs3_z10y224/,PossibleBotnetDir
/tram/protected-h4btdac6wty-v9jjk1921sn6kwmz/open_array/75583742123_rgluUtK6hBg_portal/M7vMjh_kuasbrzmhs9/,PossibleBotnetDir
/includes/closed-sso4z97y-ii6tj09406/additional-profile/o3kk6e7l2y93fz2g-v86z87t8wv395w/,PossibleBotnetDir
/wp-content/USPQiz_X1RbE74Msv_module/2zlrekk70vpgu0_mpqut_89975195272_oPTPZ9aF/vbqd4V_5hqILNzsKob/,PossibleBotnetDir
/email_template/common-array/verified-uh9xkSzJn-X78dg7Y2Wu1J7/vJincHoNV6a-zbrrewhf1KoNj4/,PossibleBotnetDir
/wp-content/plugins/jquery-updater/,PossibleBotnetDir
/wp-content/plugins/force-regenerate-thumbnails/,PossibleBotnetDir
/wp-content/plugins/mce-table-buttons/,PossibleBotnetDir
/wp-admin/Scan/m5k-429477526-45884044-1ruzbilw5pw-85dnx4o19c7/,PossibleBotnetDir
/images/banner/,PossibleBotnetDir
/wordpress/paclm/,PossibleBotnetDir
/cgi-bin/personal-JUMj-wTAvsLh4o/guarded-warehouse/70702891755463-X6URJ0KyrcInWpS/,PossibleBotnetDir
/images/,PossibleBotnetDir
/multifunctional-resource/additional-cloud/pqij6Og-oMtwkhu8mJLl7/,PossibleBotnetDir
/OLD-HACKED/private-module/security-088ff6mv1qh28x-620/HSzq4G-c7jn8uocnmct/,PossibleBotnetDir
/forum_mail/personal_8ct_x7hfxws8x0r/external_cloud/nyshq_9z78z12x5/,PossibleBotnetDir
/templates/ja_portfolio/info/,PossibleBotnetDir
/cms/wp-content/uploads/2015/12/,PossibleBotnetDir
/moncompte/Reporting/glp1331/27vjy-5975-9400475-10jbg-48fn0n/,PossibleBotnetDir
/wp-admin/A8LwzwQ/,PossibleBotnetDir
/a5lgi/h58a6u0435/,PossibleBotnetDir
/wp-admin/open_array/special_space/62755401108_1E4jGeTBTGcu5n/,PossibleBotnetDir
/img/,PossibleBotnetDir
/.well-known/acme-challenge/,PossibleBotnetDir
/htp/,PossibleBotnetDir
/stanleytseke/available-6nqt3DJ-H03lnrNOYlDxu/interior-forum/dmyzt13jfsuf-91y6z/,PossibleBotnetDir
/wp-includes/kGBvPy-XLHHo2C-1301/,PossibleBotnetDir
/wp-admin/public/uslragdb856/qs1-7641099-29257618-2gfqxmo4hdu-lnk91990q/,PossibleBotnetDir
/wp-admin/balance/l1tc91n6uyx/,PossibleBotnetDir
/chiropractic/balance/,PossibleBotnetDir
/marzo/page/common_disk/interior_area/214607_SCYPg2K/,PossibleBotnetDir
/wp-includes/Overview/kr7qr4kn9y0/2-72231-23-kn4ao-o6fy/,PossibleBotnetDir
/wp-admin/css/Drama/multifunctional-box/verified-UySA2bWAG-xgnF65ZEfggtK/284887702171-8Xf7M7w6/,PossibleBotnetDir
/language/LLC/tl03rt/8-3127340793-003-8gc2htex-wgimopv/,PossibleBotnetDir
/cgi-bin/report/z4kmvh0vp11/,PossibleBotnetDir
/servicesd000/,PossibleBotnetDir
/worthog/protected-disk/hn5ycaklonfw-7s5myd2f-profile/glD2K-4dfksNw8aj/,PossibleBotnetDir
/statistik/personal_box/verifiable_warehouse/3a8iq6uk1vf5n0_3830w39w8yz/,PossibleBotnetDir
/0/p29y-gy-730/,PossibleBotnetDir
/blog/docs/,PossibleBotnetDir
/wp-admin/public/po7foh7y67/bkji-4609-76252237-9bzbqmc67d-l66zs/,PossibleBotnetDir
/wp-admin/invoice/,PossibleBotnetDir
/build/1amd/,PossibleBotnetDir
/build/,PossibleBotnetDir
/Build/x64/,PossibleBotnetDir
/aeone/,PossibleBotnetDir
/Build/,PossibleBotnetDir
/wp-admin/elekc-amth-5605/,PossibleBotnetDir
/ugopoundz/,PossibleBotnetDir
/wp-admin/p271k9_k8sqzj58_zone/y397qffu0jx_zc7nf_area/0pcsjaae2733_404t5sz7/,PossibleBotnetDir
/api/filegoto/,PossibleBotnetDir
/addons/easgx8/,PossibleBotnetDir
/wp-content/fydi1anvmc-wdixeuu6v5-013141030/,PossibleBotnetDir
/EGR/swift/,PossibleBotnetDir
/administrator/sites/2hr8v-32418888-32-xy66-xgckql/,PossibleBotnetDir
/wwvv2/public/,PossibleBotnetDir
/sm/rz9rNC7-Jo-7930/,PossibleBotnetDir
/photogallery/pages/css/R3ndd-zg-1696/,PossibleBotnetDir
/27384913211144409/attachments/ecwtjxrhz19/,PossibleBotnetDir
/thumbs/yEY-BOIx-45/,PossibleBotnetDir
/wp-content/wOqgf-0zy-538/,PossibleBotnetDir
/images/images_upload/open-sector/special-warehouse/0ki2x1k4y3b1-4u1u73uxt8/,PossibleBotnetDir
/wp-includes/invoice/vxr-9036-24-p5zwym-pwue/,PossibleBotnetDir
/feed/qxnsw-d9-6385/,PossibleBotnetDir
/wp-includes/protected_fxsNCeb_44T00T7MC/external_portal/2ylKHEiq_sbpIrnI9vkJf/,PossibleBotnetDir
/wp-content/uploads/attachments/0lzsvu/k45ea-2079787-2436-cpy2f8-fblrw8ntns/,PossibleBotnetDir
/ox1rq9-rmi4-454/DSVRHO2ORO3/hzhduki/,PossibleBotnetDir
/config.recognize/2cx0hre9/,PossibleBotnetDir
/iovswu/sites/,PossibleBotnetDir
/wp-content/uploads/d86bb02/,PossibleBotnetDir
/ezega/,PossibleBotnetDir
/nwama/,PossibleBotnetDir
/anandz/,PossibleBotnetDir
/myneworigin/,PossibleBotnetDir
/chapo/,PossibleBotnetDir
/ant/,PossibleBotnetDir
/greem/,PossibleBotnetDir
/wp-content/jxgk-g5c-8218/,PossibleBotnetDir
/adventure/open-zone/close-657323802-J1Iu9Rxxzz9/61pirRKK1F-vL3b6letsG/,PossibleBotnetDir
/zel/,PossibleBotnetDir
/sky/,PossibleBotnetDir
/style/font/,PossibleBotnetDir
/wp-admin/STXfzzu/,PossibleBotnetDir
/wp-content/themes/flatsome/languages/,PossibleBotnetDir
/wp-admin/INC/fy4w14dw-80428928-62881-holhctcg-qgp6p/,PossibleBotnetDir
/wp-content/themes/online-shop/assets/css/,PossibleBotnetDir
/marzo/zpxwu7-8ti6u-0091/,PossibleBotnetDir
/wp-includes/FILE/,PossibleBotnetDir
/chiropractic/Document/o4yc67b2fhx/,PossibleBotnetDir
/wp-admin/css/Drama/Scan/,PossibleBotnetDir
/cgi-bin/daiy1-yy-475480/,PossibleBotnetDir
/cgi-bin/4pl4uimep1cm/,PossibleBotnetDir
/backup/INC/9clzj08/4a7lxl10h-195468427-0459199-2hgo9s0-d0hw/,PossibleBotnetDir
/addons/168449412662038/ubq1f-392447-9080-yay1fsg2e-swrh1ky215/,PossibleBotnetDir
/files/protected_zone/close_warehouse/zok0v9sxyx0_6941zu/,PossibleBotnetDir
/config.recognize/OCT/q0qci2-02215605-444050966-uhvn-c3bq8ql9o/,PossibleBotnetDir
/wp-admin/8qy5gi4xp-k42nca-661/,PossibleBotnetDir
/wp-content/public/6nfoxb1ljcka/87c33v-37267025-3469-8txboapo9e-x5dv/,PossibleBotnetDir
/feed/3r4526/,PossibleBotnetDir
/wp-admin/Uwr/,PossibleBotnetDir
/wp-includes/LLC/unrzi2j3fp/9oe9if6xi-52971394-88628-ibjzb7lh-8ae1xf/,PossibleBotnetDir
/thumbs/y/,PossibleBotnetDir
/wp-content/17354153987434/4iisxhx4ut6/wn4lzrthi-8133-59136743-lmsm5irgz6-dy04/,PossibleBotnetDir
/wp-content/uploads/DebIZ/,PossibleBotnetDir
/ox1rq9-rmi4-454/,PossibleBotnetDir
/ro5bx/lm/a24o5neh4t1/atoxp0-819768-792241-039w-eeua2rcs/,PossibleBotnetDir
/wp-includes/LLC/uaziantl/,PossibleBotnetDir
/wp-includes/vNHiIg/,PossibleBotnetDir
/27384913211144409/mJSB/,PossibleBotnetDir
/EGR/qoe-ze963rc-45111/,PossibleBotnetDir
/2014-09-10-public_html/Scan/49zld2xp/b6px2d-32061-5779830-cknhj-gfp2kb/,PossibleBotnetDir
/wwvv2/Documentation/,PossibleBotnetDir
/new/parts_service/832jpob6-1091540-420444685-fh1a-yhu1nbja/,PossibleBotnetDir
/uploads/FILE/wawwjm9y-6442-40179397-z8x2wib-qlk2y6yn6m/,PossibleBotnetDir
/administrator/parts_service/,PossibleBotnetDir
/school/INC/,PossibleBotnetDir
/images/esp/1lcdds8jgw/,PossibleBotnetDir
/language/sites/fh6c9hn7pcfy/4ijswe-541400-5193005-l0bkx00t-dg5422/,PossibleBotnetDir
/browse/,PossibleBotnetDir
/animado/1kau-2na0oe-3419/,PossibleBotnetDir
/cgi-bin/INC/,PossibleBotnetDir
/application/INC/61c3vm-696756-103978804-nwlpo73k-shrh1/,PossibleBotnetDir
/wp-content/personal_box/additional_portal/22834552_x4IBBC/,PossibleBotnetDir
/wp-admin/private_ws0e8s8_xxbm85h1usb/verified_area/Mi76hh0LX_cruH0pbjyyv/,PossibleBotnetDir
/index_soubory/common_sector/external_area/61551354147_t4d0KY73JJyWFfGY/,PossibleBotnetDir
/Poetry/viU/,PossibleBotnetDir
/wp-content/ECmXk/,PossibleBotnetDir
/cgi-bin/parts_service/,PossibleBotnetDir
/css/Document/j0kp-19897544-720837-i2rm-dcobk96bx8/,PossibleBotnetDir
/wp-admin/HqCn/,PossibleBotnetDir
/stanleytseke/FgcC/,PossibleBotnetDir
/iovswu/ILPmvN/,PossibleBotnetDir
/wp-content/eTrac/urus9iulhef3/,PossibleBotnetDir
/wp-admin/MVRDXYS6AWJ/dlj1-632953806-17258-32l1p8tvi-3a8a/,PossibleBotnetDir
/language/public/xgjnhg1459w/,PossibleBotnetDir
/Trimurti_Vidya_Pratishthan/FILE/r3q4h3b/,PossibleBotnetDir
/multifunctional-JOb1mkKatv-pCbOJLmwHFl/Overview/cboqm3-067171178-57761226-5mbeag1d0-pxzlki8/,PossibleBotnetDir
/wp-includes/sPQE/,PossibleBotnetDir
/wp-admin/uUXtpLhI/,PossibleBotnetDir
,PossibleBotnetDir
/wp-includes/Text/sdPQpOX/,PossibleBotnetDir
/lm88nf5/ZHXbem/,PossibleBotnetDir
/chiropractic/24tim-sofg-1655/,PossibleBotnetDir
/wp-includes/pu2-olb-1977/,PossibleBotnetDir
/marzo/c47/,PossibleBotnetDir
/wp-admin/css/Drama/jjsie-enaw5-25069/,PossibleBotnetDir
/EW/INC/mhak9kmp9y/,PossibleBotnetDir
/wp-admin/Documentation/tcgxv0jj-5245147-032252821-rmm8ap-ks5g8j/,PossibleBotnetDir
/gambar/team/,PossibleBotnetDir
/cgi-bin/GyjoW/,PossibleBotnetDir
/app/,PossibleBotnetDir
/hysnmjr/2e58sc-4a-22/,PossibleBotnetDir
/wp-admin/open-9scm1W-UAOgPWVLGk9Cg9Y/external-warehouse/dr5mitzvwz89qrvw-46x3t815932/,PossibleBotnetDir
/wp-includes/EXjAU/,PossibleBotnetDir
/wp-admin/nORKH/,PossibleBotnetDir
/webalizer/parts_service/parts_service/vusradqvdr/jht0-075999134-1040-jkwucy91p8-do9st6llf/,PossibleBotnetDir
/roundcube/plugins/codemirror_ui/lib/CodeMirror-2.3/Overview/ij87emc2r/drae-6923333-844804-9uu6n23ef-7a7c9q0t/,PossibleBotnetDir
/wp-admin/Reporting/16uty01lt/,PossibleBotnetDir
/wp-includes/personal_K5DPv2Qz_GGfUjKjK2TSP/additional_portal/kqllut6Io7a_J6yhwnLuxIq6J/,PossibleBotnetDir
/1fy4i-0iobr-48090/,PossibleBotnetDir
/wp-content/themes/sketch/,PossibleBotnetDir
/wp-admin/GWc/,PossibleBotnetDir
/wp-includes/p1zablb2ihdj/,PossibleBotnetDir
/stanleytseke/private_sector/019330639507_eqOvMH_ru2s_6e3afb0qitduhi/WTB6zLPm3L1_35ow8kyGbu/,PossibleBotnetDir
/wpphp/private-disk/0128243461-XQLFzasXWz5-forum/1ju-x7w8w/,PossibleBotnetDir
/wp-admin/eTrac/yqpzd8s6i/,PossibleBotnetDir
/wp-includes/87796523838562/wglpqut/wwmf-3489-4839703-3kdon9e-zk5yk8i7aa/,PossibleBotnetDir
/qza/personal-ylb7Pdf-RDxng6IwPBHbn/interior-xx4ya-7aztt3elxc6by2/ztX7keKK-wiG2NIzN6gkt/,PossibleBotnetDir
/0589072/personal-module/interior-m81vm9y8ohsi-92foajx/g2ah445o8-y352t5ys1942t/,PossibleBotnetDir
/wp-admin/paclm/0hdpaawx/7frfgyvc3-62847379-6756375-19zx78-5n0y17ls79/,PossibleBotnetDir
/work/,PossibleBotnetDir
/updater/,PossibleBotnetDir
/wp-admin/parts_service/z00q2wm/86m1jldhz-7538870-511730-6ix5dye-scme0yfh3/,PossibleBotnetDir
/wp-includes/Documentation/deasjcj1-790300-5683-nyu2lidkpk-4wzto/,PossibleBotnetDir
/wp-admin/open_box/corporate_tviu90yee_q4c/n2y_u6xy/,PossibleBotnetDir
/index.php/s/CCzqy6uCWj8TXZH/,PossibleBotnetDir
/wp-includes/QrU/,PossibleBotnetDir
/5va/qd6qhj-97q-808193/,PossibleBotnetDir
/wp-content/sgmwem/,PossibleBotnetDir
/threatscope/,PossibleBotnetDir
/wp-content/uploads/2017/6tc-w4r6-90/,PossibleBotnetDir
/dberror/qfw-ec-6594/,PossibleBotnetDir
/wp-includes/attachments/cff77-1931227-4130075-dvx1-4sq5qoo83/,PossibleBotnetDir
/7e9l/protected_array/security_g3yu5_xxeoimozwmkkl/zonx1lfharm_00s8/,PossibleBotnetDir
/wp-includes/x3qc-azmz9-340871/,PossibleBotnetDir
/wp-includes/1bvxk7fvre5_lnci6bcnim_resource/special_forum/5BZ0CZ_p4052N871e/,PossibleBotnetDir
/storage/framework/,PossibleBotnetDir
/wp-content/dmj2dh-oda4n-18143/,PossibleBotnetDir
/wp-content/themes/gom-preum/,PossibleBotnetDir
/zbzi/pid0000/19050815/llpyda1/,PossibleBotnetDir
/zbzi/pid0305_2/19101517/ddlft1/,PossibleBotnetDir
/cli/7w2zh63945/,PossibleBotnetDir
/wp-admin/9LyJfHHkgZ/,PossibleBotnetDir
/wp-admin/ke/,PossibleBotnetDir
/wp-includes/aqucnw6043/,PossibleBotnetDir
/cgi-bin/iazngc0/,PossibleBotnetDir
/crx/,PossibleBotnetDir
/kuaib/sub/,PossibleBotnetDir
/vendor/league/,PossibleBotnetDir
/vendor/doctrine/inflector/tests/,PossibleBotnetDir
/attach/get/,PossibleBotnetDir
/wp-includes/uqs9371/,PossibleBotnetDir
/j/,PossibleBotnetDir
/m/,PossibleBotnetDir
/dlpro/420c91b4b59cab211b713393caa97633/5d7425ed/ckbps9/,PossibleBotnetDir
/php/,PossibleBotnetDir
/dlpro/785e938a0412e80983385f128036ddb0/5d7425ef/ckbps9/,PossibleBotnetDir
/dlpro/1e8c1cd8c02d5526e29b58a15ed1682f/5d768242/ckbps9/,PossibleBotnetDir
/dlpro/630c67e319e56462fa783e6912fd76e8/5d743de9/ckbps9/,PossibleBotnetDir
/m5_edit_item/06605ld03197/,PossibleBotnetDir
/wp-includes/2f6j/,PossibleBotnetDir
/products/,PossibleBotnetDir
/roundcube/plugins/codemirror_ui/lib/CodeMirror-2.3/olps7pj0262/,PossibleBotnetDir
/wp-content/ulb9238/,PossibleBotnetDir
/index.php/s/XIgDVLYcwkIgfzF/,PossibleBotnetDir
/cookies/,PossibleBotnetDir
/modella/images/,PossibleBotnetDir
/alloldfiles.zip/ds6/,PossibleBotnetDir
/mt/3fm4d6eqdv0q2hd9nxmy8dbmoaunyh/,PossibleBotnetDir
/wp-admin/43ml/,PossibleBotnetDir
/qza/xTVtpOimQYCBHLWEYdn/,PossibleBotnetDir
/wp-includes/ogokMQpqMjAnhnOTl/,PossibleBotnetDir
/~saigo/,PossibleBotnetDir
/images/js/,PossibleBotnetDir
/wp-admin/ozXuzYTf/,PossibleBotnetDir
/cgi-bin/xwHa3uU2Ni/,PossibleBotnetDir
/wp-content/themes/astra/languages/,PossibleBotnetDir
/my/,PossibleBotnetDir
/storage/app/,PossibleBotnetDir
/uploads/,PossibleBotnetDir
/wp-admin/bl0pzru564/,PossibleBotnetDir
/wp-content/gZGommkN/,PossibleBotnetDir
/scan/EN_en/Invoice-66361347/,PossibleBotnetDir
/wpimages/wp-images/,PossibleBotnetDir
/STEAM/,PossibleBotnetDir
/stats/f6t/,PossibleBotnetDir
/wp-admin/QegMHxHHw/,PossibleBotnetDir
/cvd/dist/fileUpload/1571723382710/,PossibleBotnetDir
/cvd/dist/fileUpload/1571723350789/,PossibleBotnetDir
/chatres/89/msg/20191022/,PossibleBotnetDir
/car/,PossibleBotnetDir
/_manager/templates/actions/,PossibleBotnetDir
/wp-admin/n5e/,PossibleBotnetDir
/aspnet_client/jho-xn0q-0120953794/,PossibleBotnetDir
/tg9w/3f8-6uf3d6kfoe-34601529/,PossibleBotnetDir
/mshop/cart/,PossibleBotnetDir
/wp-content/uploads/2019/08/,PossibleBotnetDir
/kodi_repo/repo/script.media.aggregator/,PossibleBotnetDir
/wp/cgi-bin/docs/,PossibleBotnetDir
/wp-content/themes/belle/js/,PossibleBotnetDir
/zhengwuxinxi/zhengcefabu/201606/,PossibleBotnetDir
/roundcube/plugins/codemirror_ui/lib/CodeMirror-2.3/nkq3h/,PossibleBotnetDir
/wp-content/plugins/entry-views/kfmon472/,PossibleBotnetDir
/wp-includes/vd8h940/,PossibleBotnetDir
/gate/,PossibleBotnetDir
/class/em149903/,PossibleBotnetDir
/wp-content/95dlvw/,PossibleBotnetDir
/css/v/,PossibleBotnetDir
/enlightme.new/000GWrSeu/,PossibleBotnetDir
/softdl.360tpcdn.com/ONES/,PossibleBotnetDir
/wp-content/uploads/2019/09/,PossibleBotnetDir
/wp-includes/nk3/,PossibleBotnetDir
/doc/,PossibleBotnetDir
/gy9/ln24/,PossibleBotnetDir
/cgi-bin/29j73i22rgbhrjiab1/,PossibleBotnetDir
/wp-admin/nOVKZvikpMJQBOhRkGTUtNDRQS/,PossibleBotnetDir
/wp-admin/cfvi8aejp75ekq0swtl31sx3jti/,PossibleBotnetDir
/banners/SONUcDHIqa/,PossibleBotnetDir
/Zibri/19f9838ffd12349bb2c6c3afddc9388f/raw/01977fd3c7e036c3a38f062f626fd189ba1e1aa3/,PossibleBotnetDir
/ecrire/balise/,PossibleBotnetDir
/templates/woodexpert/js/,PossibleBotnetDir
/local/cache-js/,PossibleBotnetDir
/ecrire/iterateur/,PossibleBotnetDir
/ecrire/,PossibleBotnetDir
/ecrire/req/,PossibleBotnetDir
/ecrire/lang/,PossibleBotnetDir
/ecrire/maj/,PossibleBotnetDir
/local/,PossibleBotnetDir
/squelettes-dist/,PossibleBotnetDir
/prive/,PossibleBotnetDir
/ecrire/base/,PossibleBotnetDir
/tools/,PossibleBotnetDir
/plugins/content/apismtp/,PossibleBotnetDir
/yeni/wp-content/plugins/chika2/,PossibleBotnetDir
/uploadfile/20181119/,PossibleBotnetDir
/uploadfile/20181010/,PossibleBotnetDir
/soft/,PossibleBotnetDir
/wp-admin/,PossibleBotnetDir
/attach/get/sinigal/,PossibleBotnetDir
/wp-includes/r9945/,PossibleBotnetDir
/wp-content/plugins/duplicate-post/,PossibleBotnetDir
/class.local/parts_service/D1CAv/,PossibleBotnetDir
/qza/l48/,PossibleBotnetDir
/loader/load/,PossibleBotnetDir
/wp-admin/l2bEFtt/,PossibleBotnetDir
/2009/06/,PossibleBotnetDir
/baraa/wp-content/plugins/bus-ticket-booking-with-seat-reservation/ai1tbl55qca7/,PossibleBotnetDir
/jnn/j812/,PossibleBotnetDir
/wp-admin/rd62/,PossibleBotnetDir
/wp-content/plugins/wp-db-ajax-made/,PossibleBotnetDir
/accueil/metor/,PossibleBotnetDir
/rfhg7e4rd46y/,PossibleBotnetDir
/banners/gt713/,PossibleBotnetDir
/newnote/appupdui/v1.0.9.24/,PossibleBotnetDir
/jjbq/appupdui/v1.0.9.20/,PossibleBotnetDir
/templates/jsn_dome_free/js/payments/,PossibleBotnetDir
/wp-admin/css/colors/blue/payments/docs/,PossibleBotnetDir
/SEFT/docs/,PossibleBotnetDir
/_qt/docs/,PossibleBotnetDir
/wp-content/themes/optimizePressTheme/languages/docs/,PossibleBotnetDir
/wp-admin/css/colors/blue/docs/,PossibleBotnetDir
/wp-content/themes/best-news/js/,PossibleBotnetDir
/wp-content/themes/flatsome/woocommerce/back-comp/cart/xl/,PossibleBotnetDir
/DA38CBAAD124/,PossibleBotnetDir
/wp-content/8vf1-mheqjsye-27023898/,PossibleBotnetDir
/wp-includes/images/smilies/,PossibleBotnetDir
/wp-admin/cj2d0009/,PossibleBotnetDir
/wp-includes/fonts/,PossibleBotnetDir
/tmall_ruzhu/,PossibleBotnetDir
/wp-includes/8gpj7r67nfhp7pnaeptbuehunswmz5rfgiam02f/,PossibleBotnetDir
/wp-admin/GBCgjqBHeZGhyouxa/,PossibleBotnetDir
/cgi-bin/3719631970052877/ly9d9l9q344y3kfkzqh7639xmj4_he0tqx6-489057542617/,PossibleBotnetDir
/js/INC/WrPGgRUV/,PossibleBotnetDir
/cgi-bin/Scan/up6n7frg0s_8ldx1ma37-8477658408/,PossibleBotnetDir
/wp-content/blogs.dir/,PossibleBotnetDir
/wp-admin/3rsqemibg6q7euh_ga3y5mk2-0241822430/,PossibleBotnetDir
/wp-includes/oVzOmJgaFdvVYIqXoumSFIqtzbsoT/,PossibleBotnetDir
/wp-admin/ZI25WG7XLF2FD5B/rqUrQsFeoTAYDGHTzAvRSJpuyojiX/,PossibleBotnetDir
/wp-includes/pomo/,PossibleBotnetDir
/wp-includes/widgets/,PossibleBotnetDir
/function.fence/dLjPTzyl/,PossibleBotnetDir
/cgi-bin/JtTDLyOOz/,PossibleBotnetDir
/wp-admin/DOC/9spxxnlf_nn01tksh-7385953062/,PossibleBotnetDir
/3dsnp/documentation/wp-content/esp/MWqYcltvHFhOCdKeRijTxBEqnBc/,PossibleBotnetDir
/webalizer/wamoryztYaNnAbfvVzDIfgRCoNth/,PossibleBotnetDir
/tracker/wem3_yldu7bdho-3397265/,PossibleBotnetDir
/wp-content/plugins/one_click_seo/,PossibleBotnetDir
/~prossberg/,PossibleBotnetDir
/~dkhawker/,PossibleBotnetDir
/~mervlois/,PossibleBotnetDir
/~Reception.gsmp/,PossibleBotnetDir
/~aardoom/,PossibleBotnetDir
/proxy/,PossibleBotnetDir
/update/volamsimple_tinhkiem/,PossibleBotnetDir
/update/volamtuyenhoang5/,PossibleBotnetDir
/wp-content/themes/manshet/images/contact-icon/,PossibleBotnetDir
/update/volamhuynhduc/,PossibleBotnetDir
/update/chinhdo/hostfile/files/,PossibleBotnetDir
/auto/autotrain_vlbisu/,PossibleBotnetDir
/free/,PossibleBotnetDir
/update/volam_volamtuyetdinh/,PossibleBotnetDir
/wp-content/themes/vw-lawyer-attorney/webfonts/,PossibleBotnetDir
/wp-content/themes/salvation/options/css/jquery-ui-aristo/,PossibleBotnetDir
/yun2016/,PossibleBotnetDir
/.well-known/pki-validation/,PossibleBotnetDir
/Storage/Verve/,PossibleBotnetDir
/wp-admin/l4zy_lntjocgxg-769120353/,PossibleBotnetDir
/farcry/,PossibleBotnetDir
/wp-includes/680840867637/dsp4gwd8oeenkpjxiuwzir_wgy874aiag-55035735/,PossibleBotnetDir
/Download/DreamApp/3247/,PossibleBotnetDir
/netq/,PossibleBotnetDir
/templates/atomic/new/,PossibleBotnetDir
/3dsnp/documentation/wp-content/languages/hmqd4_l3oee-031952353/,PossibleBotnetDir
/wp-content/themes/mobiadDC/images/,PossibleBotnetDir
/invoice/,PossibleBotnetDir
/Orders/,PossibleBotnetDir
/invoice/invoice.zip?bkdlpescehu=bobtayl@highway1.com.au/,PossibleBotnetDir
/boot/,PossibleBotnetDir
/CIG/,PossibleBotnetDir
/wp-content/themes/49parallel/images/,PossibleBotnetDir
/wp-content/themes/twentyseventeen/template-parts/footer/,PossibleBotnetDir
/wp-content/themes/Divi/et-pagebuilder/,PossibleBotnetDir
/wp-content/themes/advanced-newspaper-backup/images/framework/24x/,PossibleBotnetDir
/2013/wp-admin/css/colors/blue/,PossibleBotnetDir
/wp-admin/css/colors/blue/,PossibleBotnetDir
/wp-admin/css/colors/blue/xls/,PossibleBotnetDir
/wp-content/themes/49parallel/images/doc/,PossibleBotnetDir
/wp-content/themes/emulator/css/assets/img/doc/,PossibleBotnetDir
/wp-content/themes/Divi/core/admin/css/doc/,PossibleBotnetDir
/wp-admin/Scan/AfJFbZjxkpIFh/,PossibleBotnetDir
/images/VihXhoMTtvrmMAyAKVZWqNkLvingKt/,PossibleBotnetDir
/.m/,PossibleBotnetDir
/leds/dal52301/,PossibleBotnetDir
/2008-08_PSBearDonate/qmiuOZvDj/,PossibleBotnetDir
/img/upload_Image/edm/pic_2/u6q4ucq7_hyg8uzhh-369963559/,PossibleBotnetDir
/admin/wLMpOuMgwShJXsdz/,PossibleBotnetDir
/wp-content/uploads/34866325758700/eXcmhPRBCu/,PossibleBotnetDir
/novo/sites/bryxrOHplfQBngBosSxX/,PossibleBotnetDir
/js/pout/,PossibleBotnetDir
/wp-includes/images/media/1/,PossibleBotnetDir
/wp-content/themes/zerif-lite/css/,PossibleBotnetDir
/tjsj/tjzd/gjtjzd/201909/,PossibleBotnetDir
/poperclip/,PossibleBotnetDir
/wp-content/uploads/2019/09/docs/,PossibleBotnetDir
/softdownloadol/,PossibleBotnetDir
/zhuxian/,PossibleBotnetDir
/templates/ideadom/js/,PossibleBotnetDir
/uploads/thirdupload/,PossibleBotnetDir
/wp-content/themes/incubator/core/assets/css/,PossibleBotnetDir
/jjbq/appupdui/v1.0.8.22/,PossibleBotnetDir
/fuzhu/,PossibleBotnetDir
/wp-content/themes/gridbox/inc/,PossibleBotnetDir
/ficedula/programs/,PossibleBotnetDir
/wp-content/languages/loco/plugins/,PossibleBotnetDir
/dist/,PossibleBotnetDir
/kent/wp-content/themes/sketch/,PossibleBotnetDir
/wp-content/themes/Corsa/fonts/,PossibleBotnetDir
/33bi/,PossibleBotnetDir
/XXC/,PossibleBotnetDir
/sitemaps/,PossibleBotnetDir
/id/,PossibleBotnetDir
/f/,PossibleBotnetDir
/pdfreader/tips/v1.0.7.24/,PossibleBotnetDir
/wordpress1/wp-includes/Requests/Auth/,PossibleBotnetDir
/0996938c001/,PossibleBotnetDir
/Panel/,PossibleBotnetDir
/2018/06/,PossibleBotnetDir
/userfiles/13/Classes/2473/,PossibleBotnetDir
/doumai/news2/v1.0.7.01/,PossibleBotnetDir
/templates/yootheme/html/com_content/archive/,PossibleBotnetDir
/wp-content/plugins/whmcs-bridge/includes/,PossibleBotnetDir
/fonts/,PossibleBotnetDir
/zscaler/patient0/,PossibleBotnetDir
/pack/,PossibleBotnetDir
/sg/,PossibleBotnetDir
/newpatcher/newpatcher/,PossibleBotnetDir
/14/14782/,PossibleBotnetDir
/7/7149/,PossibleBotnetDir
/wp-content/themes/eikra-child/languages/,PossibleBotnetDir
/jcms_files/jcms1/web1898/site/attach/0/,PossibleBotnetDir
/sha/,PossibleBotnetDir
/chatres/89/msg/20190606/,PossibleBotnetDir
/wp-content/themes/photoblogster/template-parts/,PossibleBotnetDir
/ztt/,PossibleBotnetDir
/domains/updateagent/Application%20Files/,PossibleBotnetDir
/files/tgsdk/,PossibleBotnetDir
/calculators/,PossibleBotnetDir
/sherif/,PossibleBotnetDir
/wp-content/plugins/js_composer/locale/,PossibleBotnetDir
/weaverplugin/,PossibleBotnetDir
/newpatch15/,PossibleBotnetDir
/shadowbox/,PossibleBotnetDir
/PORTALS/1/FILESFORDOWNLOAD/,PossibleBotnetDir
/Scripts/,PossibleBotnetDir
/a/,PossibleBotnetDir
/Portals/1/FilesForDownload/,PossibleBotnetDir
/media/,PossibleBotnetDir
/portals/1/filesfordownload/,PossibleBotnetDir
/PCSSComponent_GlobalBuild/,PossibleBotnetDir
/sistemas/oficial/instalador/,PossibleBotnetDir
/.x/,PossibleBotnetDir
/02/,PossibleBotnetDir
/fi/__update/voicever/,PossibleBotnetDir
/soft3/,PossibleBotnetDir
/wp-images/,PossibleBotnetDir
/temp/,PossibleBotnetDir
/data/downloads/250229/,PossibleBotnetDir
/zbzi/pid0000/19051709/llpyda1/,PossibleBotnetDir
/wp-content/upgrade/,PossibleBotnetDir
/wp-content/themes/,PossibleBotnetDir
/wp-content/themes/twentysixteen/js/,PossibleBotnetDir
/newpatch12/,PossibleBotnetDir
/ftp/data/02/,PossibleBotnetDir
/down/,PossibleBotnetDir
/w/file/fetch/54910966/,PossibleBotnetDir
/2017/05/11/,PossibleBotnetDir
/11PINGTAI/collegeenglish3/resource/syntax/,PossibleBotnetDir
/g.dales2/,PossibleBotnetDir
/js/DOC/lb50ws7waqfjobvsqr3_8fxenla-34348440916/,PossibleBotnetDir
/css/gTdOJjrZbzzDgOcJBIrLCypIMyaeId/,PossibleBotnetDir
/all/,PossibleBotnetDir
/cgi-bin/sites/yrft3tipgo6kd1w_6lw3k-530049724415424/,PossibleBotnetDir
/wp-content/themes/skyline/inc/footers/,PossibleBotnetDir
/ixrtvi8z_ecbo41o-02805/,PossibleBotnetDir
/books/guman/buhuchet/,PossibleBotnetDir
/_borders/Pages/hr0oto593o4e2_azkxl8p2-804573082009577/,PossibleBotnetDir
/menusystemmodel003/esp/rl65kshppfvh27yk5_ys96f-24114552/,PossibleBotnetDir
/issues/136_140/,PossibleBotnetDir
/wp-content/jh7my-bnqb2-zxav/,PossibleBotnetDir
/issues/151_155/,PossibleBotnetDir
/issues/146_150/,PossibleBotnetDir
/coches/ruk6jsknrrbeoy91_lvsat-989681296456/,PossibleBotnetDir
/reference/DOC/l29h2lm0r6vpuw6v4hjt4v_db2x446a-645341033965123/,PossibleBotnetDir
/norperuana_archivos/Pages/jjzywqoggleqye2ia7owdboijgco5x_l6sutq4i-1864307550/,PossibleBotnetDir
/wpThumbnails/FILE/4o2up4lwzoaafd64w4c3tk2t0_7gmgqn-74402121536/,PossibleBotnetDir
/cgi-bin/TIiUbNptglMlDsuV/,PossibleBotnetDir
/FILE/pdcd2d2wpl1j3hwx2qb0_gja7tgc53t-378690263/,PossibleBotnetDir
/cgi-bin/vo7g6fhoxdur04w3u5jj_nzw2yohdw-12898478915/,PossibleBotnetDir
/alloldfiles.zip/zegkb671/,PossibleBotnetDir
/wp-snapshots/5utp-5mljh-eniga/,PossibleBotnetDir
/wp-content/sh9b0-lq00ib2-pter/,PossibleBotnetDir
/web/public/Protocollo/,PossibleBotnetDir
/web/public/prgska/,PossibleBotnetDir
/news/pics/20130824/,PossibleBotnetDir
/other/,PossibleBotnetDir
/moyo/,PossibleBotnetDir
/rwx-init/,PossibleBotnetDir
/hispeedcar/,PossibleBotnetDir
/cometseeker/suoni/,PossibleBotnetDir
/images/gallery/,PossibleBotnetDir
/cache/,PossibleBotnetDir
/screenmate/cute/,PossibleBotnetDir
/private/,PossibleBotnetDir
/soft/zkill/,PossibleBotnetDir
/labtech/transfer/chatassist/,PossibleBotnetDir
/LabTech/Transfer/Tools/,PossibleBotnetDir
/labtech/transfer/tools/,PossibleBotnetDir
/upload/books/kj/,PossibleBotnetDir
/Products/Siplast/_vti_cnf/,PossibleBotnetDir
/Products/Wattyl/IMAGES/_VTI_CNF/,PossibleBotnetDir
/Products/Wattyl/,PossibleBotnetDir
/product/resumebuilder/,PossibleBotnetDir
/product/ercp/,PossibleBotnetDir
/product/webalbum/,PossibleBotnetDir
/product/translator/,PossibleBotnetDir
/product/webcam/,PossibleBotnetDir
/manage/media/teacher/,PossibleBotnetDir
/soft/ZKill/,PossibleBotnetDir
/Products/pacific_polymers/images/,PossibleBotnetDir
/administrator/cache/,PossibleBotnetDir
/cgi-bin/6wjwbaz-eqprxei-hjtrrjy/,PossibleBotnetDir
/db/,PossibleBotnetDir
/xxie/,PossibleBotnetDir
/wp-content/ikgpvd1mrjj_xc3cdj2kj6-31458325609/,PossibleBotnetDir
/alloldfiles.zip/zb3o0-0y6x13-mfhc/,PossibleBotnetDir
/.quarantine/,PossibleBotnetDir
/wp-content/themes/willgroup/inc/acf/assets/css/,PossibleBotnetDir
/arquivos/,PossibleBotnetDir
/templates/lt_corporation/images/presets/preset1/,PossibleBotnetDir
/wp-content/themes/bk_photo/post-formats/,PossibleBotnetDir
/wp-content/themes/Divi/css/tinymce-skin/fonts/,PossibleBotnetDir
/wp-content/themes/salient/img/icons/social/,PossibleBotnetDir
/cgi-bin/,PossibleBotnetDir
/maven2/org/mozilla/rhino/1.7.7.2/,PossibleBotnetDir
/wp-content/themes/code/,PossibleBotnetDir
/releases/zorke_release/zorke_asciiverter_v1.00/,PossibleBotnetDir
/releases/12.2013/,PossibleBotnetDir
/razor/,PossibleBotnetDir
/releases/zorke_release/zorke_nfo_file_viewer_v1.00/,PossibleBotnetDir
/wp-admin/3p7az3e-z0j27-mjydr/,PossibleBotnetDir
/wp-admin/sites/datyebm14_t4ignc71-52182812903461/,PossibleBotnetDir
/setup/charges/xmlrplc/,PossibleBotnetDir
/wp-includes/Document/rnmlh8px977vnnfx2vh91w0ly_xv1zfv1u-211030730398/,PossibleBotnetDir
/templets/shenbo/,PossibleBotnetDir
/lib/,PossibleBotnetDir
/hp/,PossibleBotnetDir
/wp-content/paclm/pBxgohpddwhIKxx/,PossibleBotnetDir
/backup-1feb19/cgi-bin/Pages/zGAnWERZxR/,PossibleBotnetDir
/epson/,PossibleBotnetDir
/question/,PossibleBotnetDir
/c6/JHSoft.Web.Login/,PossibleBotnetDir
/tianqi/,PossibleBotnetDir
/install/,PossibleBotnetDir
/wp-admin/lm/shYRNVogewJZZFBOfyKI/,PossibleBotnetDir
/web/uploads/20190513/,PossibleBotnetDir
/baytest2/3zf1ba7569/,PossibleBotnetDir
/hao123-soft-online-bcs/soft/D/,PossibleBotnetDir
/hao123-soft-online-bcs/soft/P/,PossibleBotnetDir
/hsxxz/,PossibleBotnetDir
/soft/244378/,PossibleBotnetDir
/cgi-bin/lm/HXiFZxIhssOosIxXZEDO/,PossibleBotnetDir
/cgi-bin/sites/oi2h8eb32rlswyhyoe274vh802q_vd3boc2o-7590611699/,PossibleBotnetDir
/soft/244276/,PossibleBotnetDir
/pifu/tubiao/,PossibleBotnetDir
/cgi-bin/qh6/,PossibleBotnetDir
/sitemaps/paclm/pqr6wwhr_jop51owzx9-5887999294974/,PossibleBotnetDir
/cd/,PossibleBotnetDir
/wp-content/k8hnlok-v3ab90j-xutmihs/,PossibleBotnetDir
/nb/,PossibleBotnetDir
/old_version/,PossibleBotnetDir
/icafe/,PossibleBotnetDir
/soft_hair/,PossibleBotnetDir
/xxwl/,PossibleBotnetDir
/css/lm/SvkTiVffJFjKEnxqnE/,PossibleBotnetDir
/@eaDir/sites/jHxMXwXZoKKJhbfqITnjpjD/,PossibleBotnetDir
/updates/,PossibleBotnetDir
/ebook/,PossibleBotnetDir
/en/,PossibleBotnetDir
/1/Scan/l4hv06goy_6ralh-7437919688982/,PossibleBotnetDir
/files/,PossibleBotnetDir
/online/e-rechnung/dhl-express/customer/de/014690/a/,PossibleBotnetDir
/SYM/WLCHrjKavFjFDJyBfjNgO/,PossibleBotnetDir
/css/INC/XFRDFvnlJZ/,PossibleBotnetDir
/DOC/EZkuzVCowvxAXSKXU/,PossibleBotnetDir
/mcassab/lm/agq1s6z9rc_s81x7c5yo-90976268/,PossibleBotnetDir
/wp-content/DOC/f24kkenpxfzg3y01_qbiixhs3-1887816201429/,PossibleBotnetDir
/en/sites/bpwolpb25p268hw_mqel320nx-83462881765/,PossibleBotnetDir
/shop/jhr5097/,PossibleBotnetDir
/gallery/moub3w-ed5ixza-jppjx/,PossibleBotnetDir
/banner/gy7r_septedp8a2-535832/,PossibleBotnetDir
/css/o5px-55h9aam-epzq/,PossibleBotnetDir
/admin836cnxhpb/8td3bl5/,PossibleBotnetDir
/wp-admin/k83t4/,PossibleBotnetDir
/aflinks/Scan/DeVpEkEGOhmkf/,PossibleBotnetDir
/lang/nQYKT-7FkRRvZJTYNWxXr_nbxxbouHA-ME/,PossibleBotnetDir
/aspnet_client/IlFoU-GU9ZBAHQ1M8piAC_unVjCcgz-pHI/,PossibleBotnetDir
/bs/page/css/Document/hfoy037g5_o9sl3q9-17910792696532/,PossibleBotnetDir
/css/dara4qoxz40gg7ahnrjj0khs6ik49_6euh7t53fp-016999312723/,PossibleBotnetDir
/2d/da/,PossibleBotnetDir
/1b/a6/,PossibleBotnetDir
/CT/nz7s15196/,PossibleBotnetDir
/wp-content/plugins/freedom/,PossibleBotnetDir
/bdrkm/trusted.EN.anyone.office.com/,PossibleBotnetDir
/loggers/open.ENG.anyone.office.net/,PossibleBotnetDir
/wp-includes/trusted.Eng.sign.sent.com/,PossibleBotnetDir
/cgi-bin/verif_seg.en.accounts.public.biz/,PossibleBotnetDir
/_notes/trust.En.sign.office./,PossibleBotnetDir
/wp-admin/sec.en.anyone.sent.net/,PossibleBotnetDir
/logiciels/fr_maintenance/v32/,PossibleBotnetDir
/scib/7yn9r-hozuj5-ztsoomc/,PossibleBotnetDir
/wp-content/themes/muse/backend/classes/,PossibleBotnetDir
/download/i/mark_dl/u/4008628152/4561946385/,PossibleBotnetDir
/IMAGES/,PossibleBotnetDir
/nokte/,PossibleBotnetDir
/wp-includes.F0F6/js/crop/vuzw12992/,PossibleBotnetDir
/wp-content/themes/Avada/languages/,PossibleBotnetDir
/pipermail/mplayer-dev-eng/attachments/20060525/cb61db42/,PossibleBotnetDir
/pipermail/mplayer-dev-eng/attachments/20060523/63b8288f/,PossibleBotnetDir
/wp-content/verif.accounts.send.com/,PossibleBotnetDir
/jtau/paclm/8ouar200imvhee4iy_f85p9l0e-62227938/,PossibleBotnetDir
/noadv/,PossibleBotnetDir
/test/,PossibleBotnetDir
/CT/secure.accounts.resourses.biz/,PossibleBotnetDir
/Circulares_archivos/y0800Y/,PossibleBotnetDir
/blog/LLC/jW3ugzijdPaL/,PossibleBotnetDir
/images/secure.accs.resourses.net/,PossibleBotnetDir
/@Recycle/trust.myaccount.docs.biz/,PossibleBotnetDir
/welovemilk/Scan/AFSGwaU2AFL/,PossibleBotnetDir
/v1site_images/sec.accounts.send.net/,PossibleBotnetDir
/sites/Scan/a35818wM/,PossibleBotnetDir
/wpThumbnails/FILE/hD6J3BCiWD8/,PossibleBotnetDir
/nbsonline/tools/,PossibleBotnetDir
/bs/page/css/LoKS/,PossibleBotnetDir
/web/secure.myaccount.send.net/,PossibleBotnetDir
/sec.accounts.resourses.com/,PossibleBotnetDir
/images/INC/Qneq1xFY/,PossibleBotnetDir
/addons/verif.accs.resourses.biz/,PossibleBotnetDir
/wp-content/sec.accounts.send.net/,PossibleBotnetDir
/wp-content/secure.accounts.resourses.biz/,PossibleBotnetDir
/admin836cnxhpb/INC/vCs4LBg91KLI/,PossibleBotnetDir
/css/secure.myacc.resourses.com/,PossibleBotnetDir
/wp-admin/sSO2/,PossibleBotnetDir
/wp-admin/service/sich/2019-04/,PossibleBotnetDir
/pub/1003b/Patch/Patch_Data/Patch_0.3300/,PossibleBotnetDir
/Circulares_archivos/INC/Ftyw98Vrhcd0/,PossibleBotnetDir
/web/INC/mpcBksf9hW/,PossibleBotnetDir
/images/SVfIg-3ADvvtOn0l7dEKg_PSDoHNTs-bnO/,PossibleBotnetDir
/addons/IpclM-NJbHYw2aec2A5yG_LeJyIMypA-jE/,PossibleBotnetDir
/admin836cnxhpb/LLC/EsRh9S6OhJY/,PossibleBotnetDir
/wp-content/Scan/z8nYBgot7C/,PossibleBotnetDir
/aUfU-hwiulNNZnQfUbNH_kENgaQvt-2T/,PossibleBotnetDir
/wp-content/DOC/8YUO4IswAah/,PossibleBotnetDir
/wp-admin/vkQBJ-5VmRemIROkrkC6I_zgFGlsiM-d5T/,PossibleBotnetDir
/coches/FILE/7siHs9I82Qy/,PossibleBotnetDir
/css/INC/mOD9SC4aJ/,PossibleBotnetDir
/tracklist/,PossibleBotnetDir
/wp-content/themes/basel/fonts/,PossibleBotnetDir
/blog/FILE/BH9ssw8xhb/,PossibleBotnetDir
/op/vSRO%20Version:%201.088/,PossibleBotnetDir
/wp-includes/OTKil-7DrQd4NpFvmSSs_LfsEcnrq-oX3/,PossibleBotnetDir
/wvpb/RdanG-4NQboohZnD6gVw_MnlZNhKq-6RT/,PossibleBotnetDir
/wp-admin/em97r3c-1km2ni-usmcb/,PossibleBotnetDir
/bin/,PossibleBotnetDir
/wp-content/Document/5w3YCTYsGJvK/,PossibleBotnetDir
/application/DOC/COhyszYNSkoU/,PossibleBotnetDir
/images/Button/,PossibleBotnetDir
/images/background/,PossibleBotnetDir
/wpThumbnails/Scan/BiKidQ60Zd34/,PossibleBotnetDir
/admin836cnxhpb/LLC/rm7o1nlYgBWP/,PossibleBotnetDir
/.www/,PossibleBotnetDir
/wp-content/INC/ma9oNRz8wQw/,PossibleBotnetDir
/wp-admin/LLC/mVMLFYH7gEj/,PossibleBotnetDir
/news/,PossibleBotnetDir
/menu_2018/v13XL/,PossibleBotnetDir
/coches/qual-0o8ok-qslzcn/,PossibleBotnetDir
/Circulares_archivos/gvzsj-rub4y0-pltcc/,PossibleBotnetDir
/images/FILE/LETTGgztM/,PossibleBotnetDir
/@eaDir/iGFE-yUBMaibuO7rUvM_EALOLBggQ-gxa/,PossibleBotnetDir
/@Recycle/INC/t2NhfjL8rCj/,PossibleBotnetDir
/sites/etcB-oNJrRcKGdAjwfUX_daiKkMJi-SFC/,PossibleBotnetDir
/s/QCHMS/,PossibleBotnetDir
/welovemilk/02_0/,PossibleBotnetDir
/CMS/Document/UFjyWVpKw3A/,PossibleBotnetDir
/v1site_images/FILE/pgnGuO4MVkUk/,PossibleBotnetDir
/znsrf/180814/,PossibleBotnetDir
/aflinks/IDNf/,PossibleBotnetDir
/web/legale/sich/04-2019/,PossibleBotnetDir
/images/rns3-4zsqu-qtkrl/,PossibleBotnetDir
/cgi-bin/Scan/XkTrFOVUYzt/,PossibleBotnetDir
/addons/FILE/aq73bdkf5o/,PossibleBotnetDir
/e1kypej-alyuopw-bplsmxa/,PossibleBotnetDir
/wp-content/mucs0n-oln7k0q-lbpndi/,PossibleBotnetDir
/upload/,PossibleBotnetDir
/wpThumbnails/INC/d1vvyEgr/,PossibleBotnetDir
/admin836cnxhpb/FILE/XGFqIwuSGSim/,PossibleBotnetDir
/admin/FILE/0ZCbTZJdeEEm/,PossibleBotnetDir
/wp-admin/DT_uN/,PossibleBotnetDir
/kaoqian/pcplayer/update/,PossibleBotnetDir
/uploads/max/,PossibleBotnetDir
/images/DOC/New-Invoice-YH35985-KA-00801/,PossibleBotnetDir
/soft1/,PossibleBotnetDir
/cgi-bin/FILE/zz2NgkoRYgAt/,PossibleBotnetDir
/@Recycle/LLC/AnNKdDON/,PossibleBotnetDir
/sites/QZbJ-lbBvrr2v8Rh0sm_mNTKUPRzj-BK/,PossibleBotnetDir
/menu_2018/QevL-JlvqUOxtcJX4HIC_vgQYMStnz-hFE/,PossibleBotnetDir
/welovemilk/INC/6YK0gh8VGbt/,PossibleBotnetDir
/Circulares_archivos/Focgd-TsO9y54Wl3RD2S2_mCRGZxzcf-Rr/,PossibleBotnetDir
/CMS/VEXxG-GCoTOLp21iE18c_XOyKLRPb-eu8/,PossibleBotnetDir
/BzCYu-9u_ldXkubCA-K4/Document/WI7eQMbwpBP/,PossibleBotnetDir
/web/imkz-R2dTad4mrjc3NzX_LreIdLvWj-N8F/,PossibleBotnetDir
/wp-admin/PLvD-UM5xd0nbphGGFw_vwktgoSB-fp6/,PossibleBotnetDir
/aflinks/VIkcy-QeeBD2M4q4teOr_SiQgXHSW-Aj/,PossibleBotnetDir
/addons/jYxCR-hw9nmNXpN8MtZX_wTTjPqCqC-zh/,PossibleBotnetDir
/wp-content/CHdyq-n32JaBs69DL00b_EHRCGLxDA-Ir/,PossibleBotnetDir
/wpThumbnails/Scan/4I2bazc7/,PossibleBotnetDir
/admin836cnxhpb/paUso-4jekjZuZuc69MDQ_YYuNRDRoq-GF/,PossibleBotnetDir
/files/oxlHw-vZpJ5JarmjWyzs_crSwbgzLm-xXc/,PossibleBotnetDir
/mua71u-o8yr2l-crribaq/,PossibleBotnetDir
/images/LQCOi-yRwKgcB2cnlGlow_BKGOUNJD-5kz/,PossibleBotnetDir
/@eaDir/bJKo-zIDYXFHVK2Ws88A_UsHxlzFa-gFM/,PossibleBotnetDir
/@Recycle/aPbom-eRHTcCOEDyldhTr_KZGLMbbgF-ZW4/,PossibleBotnetDir
/wp-admin/7cnq-6hlpu-cgwstmq/,PossibleBotnetDir
/wp-includes/Text/dbNkL-RpxORW9jctygx5K_GPwzhYqG-zz/,PossibleBotnetDir
/wp-includes/PaOx-AIqQROdR8DALSK_eMkzOnYy-1hT/,PossibleBotnetDir
/sites/qylQ-I6xsccK9GYn0fr_OJNmAoDi-yKL/,PossibleBotnetDir
/norperuana_archivos/quyTr-VF0Rpa5EHapEsZ_xWKYdPkvT-K7Q/,PossibleBotnetDir
/menu_2018/c7pu81u-c4x4eqr-pmsb/,PossibleBotnetDir
/blog/support/sich/04-2019/,PossibleBotnetDir
/welovemilk/3o71ai7-y9o91ye-lkrqct/,PossibleBotnetDir
/Circulares_archivos/q4j3o-t24g7sh-ecowl/,PossibleBotnetDir
/CMS/jz6tlbb-7c71v-dajqgz/,PossibleBotnetDir
/web/9msjw-hekol-apawr/,PossibleBotnetDir
/images/YfvV-qgoKKgQVSmCrhz_nLZHkqvQ-kn/,PossibleBotnetDir
/cgi-bin/KMJKi-bBDNVaOt3LkX4B_zaVyVcBYa-ay/,PossibleBotnetDir
/aflinks/dMGj-tfqqkWYADzka8Py_ATzCwymsj-jzS/,PossibleBotnetDir
/addons/YFIS-Sxlnf7bcFMUJ83w_chuuqPaZg-LF6/,PossibleBotnetDir
/wp-content/LjEp-LcQ2QssLQtDjBBo_QPDbmccSQ-8x/,PossibleBotnetDir
/admin/includes/plugins/fckeditor/,PossibleBotnetDir
/jrh074-q7lvuy6-ylwn/,PossibleBotnetDir
/admin/,PossibleBotnetDir
/admin/qmail/,PossibleBotnetDir
/admin/schedule/,PossibleBotnetDir
/aflinks/TOMp-hCI4AViwaLIfn0_VhAYpjUQ-b3W/,PossibleBotnetDir
/2010/,PossibleBotnetDir
/wp-content/qEVJc-vhtajqwJj6rvqB_PGpduTgTP-aa/,PossibleBotnetDir
/images/tAJnK-LPnf9Czmx4rU0c1_jaKUwCAA-Wd/,PossibleBotnetDir
/sites/AVwFJ-G9hAOrLNMzyhXc_uPepUfaq-z1/,PossibleBotnetDir
/menu_2018/QJWz-v4cTcjX6m5sMSSb_zpnebAmY-kj/,PossibleBotnetDir
/css/H_s/,PossibleBotnetDir
/dokumen/xHyL-RgFeuEVQ9Pnf1EB_IKSVBCbWA-Dnw/,PossibleBotnetDir
/blog/NvfB-zuvOokJZTHPmyl_lxDLCmmG-GoN/,PossibleBotnetDir
/welovemilk/GIMEp-CL7m4P2bDnJT1Mx_hmXhlpREH-Uve/,PossibleBotnetDir
/admin/swfupload/css/,PossibleBotnetDir
/wp-content/themes/twentyeleven/colors/,PossibleBotnetDir
/addons/EwRc-5aaHlkpe793CoDF_LCtnczPfJ-sN/,PossibleBotnetDir
/Circulares_archivos/aDkTh-qxQoE48yNtOeGJ_ArObWbyrm-Yi/,PossibleBotnetDir
/CMS/32vtk-64vsa3-fqvqm/,PossibleBotnetDir
/finpay/wzLEM-17xMJxSQMj4oY4_eYAPmmuTU-of/,PossibleBotnetDir
/song/mDqU6/,PossibleBotnetDir
/web/8v1qol-i1y6c-qjofsy/,PossibleBotnetDir
/galleria/kcdln-gsl0viu-tzdhlrz/,PossibleBotnetDir
/norperuana_archivos/kb8j-dzfsd-xxswlc/,PossibleBotnetDir
/img/HntFD-g4hhkOJmZg7Uo9_mRThXFoxS-ln9/,PossibleBotnetDir
/aflinks/klmH-wP9hpffK6ez6uh_CQWfMuPHM-WXs/,PossibleBotnetDir
/greatdealofnoise.ca/ywys-gkSx2BA0e6ncJi_sjwfNNTWH-YRc/,PossibleBotnetDir
/site/aZBQq-ZXfw2tPwlEi9lC_jpuUYsgH-XBp/,PossibleBotnetDir
/wp-content/uploads/zQypE-gXgg4HEzdwvkUc_slKPSnSNm-VW/,PossibleBotnetDir
/@Recycle/Xauo-xqulY3WMMsbCDBd_sknIzXFx-0U/,PossibleBotnetDir
/@eaDir/security/support/question/EN/04-2019/,PossibleBotnetDir
/images/7Edt/,PossibleBotnetDir
/sites/8894bt-u8wb4-dude/,PossibleBotnetDir
/dokumen/DbBY-cfFHOuQaz8YSbVb_sPvYBuiIg-WlB/,PossibleBotnetDir
/menu_2018/bka5v-wgruy4p-bhkoyq/,PossibleBotnetDir
/wp-content/security/service/ios/en_EN/201904/,PossibleBotnetDir
/blog/files/legal/ios/en_EN/201904/,PossibleBotnetDir
/welovemilk/scan/support/trust/en_EN/2019-04/,PossibleBotnetDir
/psobb/update/client/,PossibleBotnetDir
/Circulares_archivos/drt9s-w001ybj-wkakuge/,PossibleBotnetDir
/CMS/1v673-jxfukc-qkrda/,PossibleBotnetDir
/shoshoou.com/DOmg-OSsCF2jKpmOMIg_GKtCwyoD-aDE/,PossibleBotnetDir
/coches/NVop-LdxrPA8cnpJbZB_vRiDMryW-RfA/,PossibleBotnetDir
/wp-admin/lcmtwf-co7vf-vxmnrnn/,PossibleBotnetDir
/web/24zkwq2-853ifm-zjxobf/,PossibleBotnetDir
/friskycow/,PossibleBotnetDir
/norperuana_archivos/2hd8c-zon2m7s-ogevy/,PossibleBotnetDir
/d2/Huobao/,PossibleBotnetDir
/galleria/AUttl-EnqA0HqXNhoTqXC_xZZYJAeMX-Ss/,PossibleBotnetDir
/cryptolocker/,PossibleBotnetDir
/script/Plugins/,PossibleBotnetDir
/soft/uploadfile/2015-2/,PossibleBotnetDir
/web/uOPX-M3tkPx4AxGllnym_wMertWxMM-CCN/,PossibleBotnetDir
/norperuana_archivos/wyrx-Z4kM2DYIk1ILPX_QMIFojJx-VFL/,PossibleBotnetDir
/cgi-bin/WOPUD-qXZZEjqPDqY9TXZ_APJISVmdI-HE/,PossibleBotnetDir
/wp-admin/user/1/,PossibleBotnetDir
/projetos/,PossibleBotnetDir
/imagens/,PossibleBotnetDir
/kolya/.f/root/net.mit.edu/net/user/chris/WinNT/,PossibleBotnetDir
/kolya/.f/root/net.mit.edu/sipb/user/kolya/afs/root.afs/net/user/chris/WinNT/,PossibleBotnetDir
/cgi-bin/sec.myaccount.send.biz/,PossibleBotnetDir
/wp-content/themes/elegant-grunge/images/,PossibleBotnetDir
/AM/,PossibleBotnetDir
/CMS/sec.accs.resourses.net/,PossibleBotnetDir
/wp-content/themes/oceanwp/inc/customizer/assets/css/,PossibleBotnetDir
/wp-content/themes/oceanwp/assets/css/edd/,PossibleBotnetDir
/js/sec.accounts.send.com/,PossibleBotnetDir
/stats/images/,PossibleBotnetDir
/conf/secure.myacc.send.net/,PossibleBotnetDir
/eng/wp-content/plugins/featurific-for-wordpress/,PossibleBotnetDir
/wp-content/secure.accs.send.net/,PossibleBotnetDir
/Software_Org/Other/datasample_bazar/,PossibleBotnetDir
/Circulares_archivos/secure.accs.send.biz/,PossibleBotnetDir
/css/secure.myaccount.send.biz/,PossibleBotnetDir
/app/softjug/,PossibleBotnetDir
/cgi-bin/sec.myacc.resourses.net/,PossibleBotnetDir
/distribution/installer/,PossibleBotnetDir
/wp-includes/999778977793/xBnw-fI1QO_k-TD/,PossibleBotnetDir
/css/sec.accs.send.com/,PossibleBotnetDir
/cgi-bin/verif.myacc.send.net/,PossibleBotnetDir
/wzukusers/user-34654398/documents/5c9e24cc08a4dLmV7CJO/,PossibleBotnetDir
/avian-web/swt-examples/windows-i386/,PossibleBotnetDir
/wp/wp-content/plugins/wp-pagenavi/kGaAz-VfPU_t-PD/,PossibleBotnetDir
/images/OxFfD-CICQ_ZxRODPXB-cM/,PossibleBotnetDir
/wp-admin/gcWv-GhdB0_SDbh-Z2/,PossibleBotnetDir
/IRS/vGuy-lNs5_lcfNoI-xFr/,PossibleBotnetDir
/css/zAYS-sQhlh_rhmwGcRIe-BV/,PossibleBotnetDir
/wp-content/FzGwJ-Cdc6u_E-7u/,PossibleBotnetDir
/welovemilk/WzqyF-tDtZ_p-a9/,PossibleBotnetDir
/wp-content/themes/twentysixteen/template-parts/,PossibleBotnetDir
/wp-content/themes/twentysixteen/options/img/credit-cards/,PossibleBotnetDir
/blog/GqQkV-1s0e_BNYWJWAhe-EcJ/,PossibleBotnetDir
/zoho-auth/mAag-uBP3i_AlHWPsw-UK/,PossibleBotnetDir
/wp/WxMT-B7fSe_kDHSYD-Lvw/,PossibleBotnetDir
/wp-content/themes/greed/images/,PossibleBotnetDir
/images/u9er6tz-fjanvjz-bxljz/,PossibleBotnetDir
/images/hb40-txgs0-venbudm/,PossibleBotnetDir
/wp-content/themes/dt-the7/languages/,PossibleBotnetDir
/IRS/142526965/HYnC-ppH_WYf-s4g/,PossibleBotnetDir
/financial/a0hg98-eus06rn-uqrhglo/,PossibleBotnetDir
/cgi-bin/secure.accounts.docs.biz/,PossibleBotnetDir
/wp-content/themes/dt-the7/css/compatibility/woo-fonts/,PossibleBotnetDir
/song/oEWG-13tBc_FK-aB/,PossibleBotnetDir
/wp-content/themes/modern/images/,PossibleBotnetDir
/@Recycle/sec.accs.docs.net/,PossibleBotnetDir
/2018/08/UPS-US/Mar-25-19-01-30-01/,PossibleBotnetDir
/wp/wp-content/uploads/,PossibleBotnetDir
/wp-admin/js/,PossibleBotnetDir
/portal/mseriesdesktopinstallers/,PossibleBotnetDir
/K3Cloud/ClientBin/SilverlightResources/,PossibleBotnetDir
/soft/244535/,PossibleBotnetDir
/win/,PossibleBotnetDir
/20151218/,PossibleBotnetDir
/20160101/,PossibleBotnetDir
/room1/,PossibleBotnetDir
/wp-content/secure.accs.resourses.net/,PossibleBotnetDir
/pcv/,PossibleBotnetDir
/webtube/201310/2139273/,PossibleBotnetDir
/shample/,PossibleBotnetDir
/templates/beez_20/images/_notes/,PossibleBotnetDir
/wp-content/uploads/2019/01/Ti/,PossibleBotnetDir
/_notes/v7rq-ep0lm-ezhbk/,PossibleBotnetDir
/wp-includes/hf0z2-1c4c1-dhnan/,PossibleBotnetDir
/wp-includes/5dbj-2oby3q-lhyakh/,PossibleBotnetDir
/css/0zr0g-mx6nv-vdtqrf/,PossibleBotnetDir
/syjx/kj/,PossibleBotnetDir
/cgi-bin/txcj8-c21fa1-kvoqlmgu/,PossibleBotnetDir
/uploads2/trust.myaccount.docs.com/,PossibleBotnetDir
/templates/mybusiness/css/,PossibleBotnetDir
/templates/mybusiness/images/,PossibleBotnetDir
/templates/mybusiness/html/com_content/article/,PossibleBotnetDir
/@eaDir/trust.myacc.send.biz/,PossibleBotnetDir
/ajax/verif.myacc.resourses.biz/,PossibleBotnetDir
/purchase_order_2018/verif.myaccount.resourses.biz/,PossibleBotnetDir
/Artetra/pf6f0-vlkuko-dcshgay/,PossibleBotnetDir
/statics/images/,PossibleBotnetDir
/site/ffsi-ckg5x-hqphz/,PossibleBotnetDir
/img/Intuit_EN/download/Redebit_operation/xQxo-ssFW_xl-ysx/,PossibleBotnetDir
/yws/api/personal/file/,PossibleBotnetDir
/uploads2/7vdv-1pm4cj3-kbhxtpi/,PossibleBotnetDir
/images/kvec56l-xjbda7-ymbkbaw/,PossibleBotnetDir
/9e/ff/,PossibleBotnetDir
/ce/60/,PossibleBotnetDir
/purchase_order_2018/7b5i-2041j0-klyt/,PossibleBotnetDir
/iwp01-2ksm/,PossibleBotnetDir
/drago/images/.ssh/.ssh/,PossibleBotnetDir
/wp-includes/z23l5-5nwaa6-nzzq.view/,PossibleBotnetDir
/wp-includes/oK/,PossibleBotnetDir
/images/secure.myacc.docs.com/,PossibleBotnetDir
/nginx-custom/wq7k-fhywf-oona.view/,PossibleBotnetDir
/fonts/5ktub-q4kty9-wuxqj.view/,PossibleBotnetDir
/soft2/,PossibleBotnetDir
/__MACOSX/l3gt-v3ljn-pghod.view/,PossibleBotnetDir
/blog/category/,PossibleBotnetDir
/L21pc2NlbGxhbmVvdXMvUG9ydGFibGVfU29mdC9tYWdpY2lzby5leGU%3D/,PossibleBotnetDir
/tef/tef100/0025/,PossibleBotnetDir
/upload/file/,PossibleBotnetDir
/oilysgv/sendinc/legal/sec/En/2019-03/,PossibleBotnetDir
/ctzqbwg/grmf-butvr-jsmt.view/,PossibleBotnetDir
/wp-content/themes/emag/template-parts/,PossibleBotnetDir
/wp-content/themes/FreshClean/includes/,PossibleBotnetDir
/wzukusers/user-34654398/documents/5c6fd6b4eb1c08aAMus8/,PossibleBotnetDir
/wzukusers/user-34654398/documents/5c7921a2cf26cUnJcGVm/,PossibleBotnetDir
/t2/,PossibleBotnetDir
/86/e2/,PossibleBotnetDir
/ff/22/,PossibleBotnetDir
/wp-content/themes/manshet/includes/home-builder/,PossibleBotnetDir
/LiveService/Update/02/,PossibleBotnetDir
/wp-content/themes/quickstep/library/admin/css/,PossibleBotnetDir
/Configurador/,PossibleBotnetDir
/CentralEnki/,PossibleBotnetDir
/wp-content/themes/nmc/core/admin/css/,PossibleBotnetDir
/pages/programmes/,PossibleBotnetDir
/attack/,PossibleBotnetDir
/wp-content/themes/viceversa/css/fancybox/helpers/,PossibleBotnetDir
/wp-content/themes/themeforest-10050004-trent-wordpress-responsive-one-page-parallax/trent-theme/images/headers/,PossibleBotnetDir
/home/img/,PossibleBotnetDir
/User_Photo/M_Photo_View.asp?FN=2017/6/7/,PossibleBotnetDir
/bug/xjnote/,PossibleBotnetDir
/apple/messages/trust/de_DE/2019-02/,PossibleBotnetDir
/AWS_Test/_admin/_media/scripts/ckeditor/plugins/smiley/images/,PossibleBotnetDir
/pistacchietto/OSX-Peristant-BackDoor/master/,PossibleBotnetDir
/pistacchietto/OSX-Peristant-BackDoor/master/update.app/Contents/MacOS/,PossibleBotnetDir
/pistacchietto/java-update/master/src/update/,PossibleBotnetDir
/pistacchietto/plano/master/Build/Products/Debug/planoTests.xctest/Contents/MacOS/,PossibleBotnetDir
/pistacchietto/plano/master/Build/Products/Debug/plano.app/Contents/MacOS/,PossibleBotnetDir
/pistacchietto/prism/master/,PossibleBotnetDir
/pistacchietto/Win-Python-Backdoor/master/,PossibleBotnetDir
/site/cache/releases/,PossibleBotnetDir
/REF/Rcpt/aHLnZ-isio_Ksyh-4fF/,PossibleBotnetDir
/Februar2019/HNMGGPLNNL8005707/,PossibleBotnetDir
/player/launch/2017/09/12/,PossibleBotnetDir
/wzukusers/user-34654398/documents/5c6eab37b8dadMY1gX7C/,PossibleBotnetDir
/wzukusers/user-34654398/documents/5c6eb2aa215a8CVWCf6s/,PossibleBotnetDir
/bros/,PossibleBotnetDir
/wzukusers/user-34654398/documents/5c6e2f6c8c5aduP2Yiwx/,PossibleBotnetDir
/wzukusers/user-34654398/documents/5c6e2cbda22efXk3T7X2/,PossibleBotnetDir
/fr/,PossibleBotnetDir
/DE_de/JAIWXFTCV5712097/Rechnung/DETAILS/,PossibleBotnetDir
/wzukusers/user-34654398/documents/5c6ca94027662Tilxa4P/,PossibleBotnetDir
/wzukusers/user-34654398/documents/5c6cbd811626fvoj29vW/,PossibleBotnetDir
/wzukusers/user-34654398/documents/5c6cd19c87f44r9fOMiT/,PossibleBotnetDir
/data/,PossibleBotnetDir
/w/,PossibleBotnetDir
/34/60/,PossibleBotnetDir
/f1/b1/50/,PossibleBotnetDir
/Februar2019/PYORQFTPOS2153499/Rechnung/RECHNUNG/,PossibleBotnetDir
/compiler-labs/1/BeRo/,PossibleBotnetDir
/9/9/56/,PossibleBotnetDir
/product/apkggame/silkys_angelica/silkys_angelica/win/src/content/data/,PossibleBotnetDir
/product/apkggame/nel_narikiri/nel_narikiri/win/src/content/data/,PossibleBotnetDir
/product/apkggame/GIGA_BaldrBringerExtendCode/GIGA_BaldrBringerExtendCode/win/src/content/data/Data/,PossibleBotnetDir
/.../auto/safe_scr_files/,PossibleBotnetDir
/farmautils/,PossibleBotnetDir
/De_de/BMCUOX5828606/Rechnungs/Rechnungszahlung/,PossibleBotnetDir
/templates/kalaresan/css/,PossibleBotnetDir
/De/ETMYLTL8953726/Rechnungs/DOC-Dokument/,PossibleBotnetDir
/De_de/XPXTELNF7478951/Rechnungs-Details/Hilfestellung/,PossibleBotnetDir
/download/down/,PossibleBotnetDir
/28758658/2018/04/28/,PossibleBotnetDir
/active/,PossibleBotnetDir
/vendor/composer/,PossibleBotnetDir
/IzzV_9x3V8-yh/QtE/Transaction_details/02_19/,PossibleBotnetDir
/DHRd_WZRLy-jHAcM/MM/Clients_transactions/022019/,PossibleBotnetDir
/En_us/Inv/mYVhg-o6YAI_mt-Gu/,PossibleBotnetDir
/cdn/pcclient/20181128/16/54/,PossibleBotnetDir
/cdn/pcclient/20181128/16/55/,PossibleBotnetDir
/SVPMD_RswvB-riIo/qhc/Payments/02_19/,PossibleBotnetDir
/company/Copy_Invoice/nOqER-LiEun_FqR-tM6/,PossibleBotnetDir
/US_us/Inv/Kwap-1o5_Pz-Ct/,PossibleBotnetDir
/lYdyU-UDdI_l-fn/,PossibleBotnetDir
/Common/,PossibleBotnetDir
/PartsOffer/Exe/,PossibleBotnetDir
/capnhat/files/,PossibleBotnetDir
/software/,PossibleBotnetDir
/othersoft/,PossibleBotnetDir
/windows%E7%B3%BB%E7%BB%9F%E9%98%B2%E6%8A%A4/,PossibleBotnetDir
/templates/changematterscounsellingv2/images/system/,PossibleBotnetDir
/vbpq.nsf/9e6a1e4b64680bd247256801000a8614/CED5C80F11172802472570EB0008541E/$file/,PossibleBotnetDir
/vbpq.nsf/e52e33ef82896c3b47256f960028edba/3C191C16D67C587B472570E400143110/$file/,PossibleBotnetDir
/Jun2018/Customer-Invoice-CT-34471630/,PossibleBotnetDir
/plugin/,PossibleBotnetDir
/XxNTd-zIYaB_wSpHU-kW/Ref/8600058563US/Need-to-send-the-attachment/,PossibleBotnetDir
/clbweb2005/GISStat/,PossibleBotnetDir
/clbweb2005/gisstat/,PossibleBotnetDir
/cli/waplord/doc/,PossibleBotnetDir
/bug/yypdf/,PossibleBotnetDir
/cli/waplord/,PossibleBotnetDir
/ddjsoftware/,PossibleBotnetDir
/Install/,PossibleBotnetDir
/D4894DD65482/,PossibleBotnetDir
/DE8BD3F2F296/,PossibleBotnetDir
/d6c9a8a921847/,PossibleBotnetDir
/data/channel/duowan/zip/2017062201/startup/,PossibleBotnetDir
/pdfdownload/,PossibleBotnetDir
/canon/,PossibleBotnetDir
/gcld/updates_tw/,PossibleBotnetDir
/updateKSBD/UpdateFiles/app/testupdata/5.2/,PossibleBotnetDir
/updateKSBD/UpdateFiles/app/testupdata/5.3/,PossibleBotnetDir
/%E5%8D%95%E6%9C%BA/,PossibleBotnetDir
/updateKSBD/UpdateFiles/app/testupdata/100321-1/,PossibleBotnetDir
/www_file/,PossibleBotnetDir
/file/Channel/PDFShrink/,PossibleBotnetDir
/roe/loader/,PossibleBotnetDir
/softdl.360tpcdn.com/LOLBox/,PossibleBotnetDir
/wp-content/themes/better-health/inc/customizer/customizer-pro/,PossibleBotnetDir
/wp-content/themes/better-health/template-parts/,PossibleBotnetDir
/wp-content/themes/better-health/assets/css/,PossibleBotnetDir
/administrator/templates/isis/less/bootstrap/,PossibleBotnetDir
/2017/08/02/,PossibleBotnetDir
/wp-content/languages/plugins/,PossibleBotnetDir
/templates/thaibbqsf/images/,PossibleBotnetDir
/wp-content/themes/golf/js/,PossibleBotnetDir
/soft/wlyy/13963/,PossibleBotnetDir
/soft/yysp/8561/,PossibleBotnetDir
/zsgj/,PossibleBotnetDir
/bbs/data/attachment/forum/201212/20/,PossibleBotnetDir
/xbpic/fmt/v1.0.1.17/,PossibleBotnetDir
/d5/,PossibleBotnetDir
/xbpic/mini/v1.0.1.17/,PossibleBotnetDir
/openlink/,PossibleBotnetDir
/rm/,PossibleBotnetDir
/xiao/,PossibleBotnetDir
/xiao4/,PossibleBotnetDir
/bug/jkpic/sub/,PossibleBotnetDir
/xiao5/,PossibleBotnetDir
/xiao1/,PossibleBotnetDir
/xiao2/,PossibleBotnetDir
/bug/LightningZip/sub/,PossibleBotnetDir
/soft/24536/,PossibleBotnetDir
/qcoin/,PossibleBotnetDir
/rrt/32287da69c40a12819fe3874d0b63e66/73728155/,PossibleBotnetDir
/jd/,PossibleBotnetDir
/TWK9BCYzz/,PossibleBotnetDir
/v1/plugins/media/,PossibleBotnetDir
/Details/012019/,PossibleBotnetDir
/Controls/,PossibleBotnetDir
/baobao/,PossibleBotnetDir
/packet/,PossibleBotnetDir
/channel/Zip/,PossibleBotnetDir
/channel/News/,PossibleBotnetDir
/dm/summao/,PossibleBotnetDir
/dm/jfsky/,PossibleBotnetDir
/EmployeeMasterImages/,PossibleBotnetDir
/WEBSERVICES/REDIRECT/,PossibleBotnetDir
/Webservices/Redirect/,PossibleBotnetDir
/Webservices/Search/,PossibleBotnetDir
/webservices/redirect/,PossibleBotnetDir
/webservices/redirectv2/,PossibleBotnetDir
/Webservices/RedirectV2/,PossibleBotnetDir
/Webservices/SearchV2/,PossibleBotnetDir
/webservices/searchv2/,PossibleBotnetDir
/down/affiliate/,PossibleBotnetDir
/softhy.net_down/,PossibleBotnetDir
/update/volamvoson1/,PossibleBotnetDir
/update/ngay_tro_ve_nd2004/,PossibleBotnetDir
/update/botnet/,PossibleBotnetDir
/hrms/bathuoc/,PossibleBotnetDir
/2011/,PossibleBotnetDir
/2013/,PossibleBotnetDir
/newpatch14/,PossibleBotnetDir
/pso/,PossibleBotnetDir
/wop/program/taskhelper/setup/,PossibleBotnetDir
/GvHr-MMJ5U8ZN2kc5aoq_NkxhpRvvh-t9/,PossibleBotnetDir
/upload/page/,PossibleBotnetDir
/blog/cache/,PossibleBotnetDir
/backup/es/,PossibleBotnetDir
/autoup/Bsw2008/,PossibleBotnetDir
/cgame/lobby4366/,PossibleBotnetDir
/wp-content/cache/busting/,PossibleBotnetDir
/soft/uploadfile/2015/,PossibleBotnetDir
/soft/uploadfile/2016/,PossibleBotnetDir
/soft/UploadFile/2016/,PossibleBotnetDir
/backup/dev/,PossibleBotnetDir
/DOWNCAIJI/5/,PossibleBotnetDir
/cz09/,PossibleBotnetDir
/cz10/,PossibleBotnetDir
/DOWN/,PossibleBotnetDir
/hxoMK-0UaFgeRod5GKKy_SDuySbTe-Ars/PAYMENT/US/,PossibleBotnetDir
/upload/20140812/,PossibleBotnetDir
/WordTracker/,PossibleBotnetDir
/wp-content/uploads/2018/,PossibleBotnetDir
/files/2822/,PossibleBotnetDir
/files/2097/,PossibleBotnetDir
/jifen_2345/,PossibleBotnetDir
/En_us/Clients_Messages/12_18/,PossibleBotnetDir
/sys/,PossibleBotnetDir
/neticra/program/,PossibleBotnetDir
/task/2010-11/17/pub/,PossibleBotnetDir
/task/2010-11/04/pub/,PossibleBotnetDir
/task/2011-08/11/pub/,PossibleBotnetDir
/task/2012-05/21/pub/,PossibleBotnetDir
/task/2011-10/14/1121109/,PossibleBotnetDir
/task/2011-07/26/pub/,PossibleBotnetDir
/task/2013-10/10/works/,PossibleBotnetDir
/task/2010-12/03/519808/,PossibleBotnetDir
/task/2010-12/12/pub/,PossibleBotnetDir
/pc/,PossibleBotnetDir
/task/2011-10/22/1164339/,PossibleBotnetDir
/crisanar/defis/,PossibleBotnetDir
/Dec2018/En_us/Past-Due-Invoices/,PossibleBotnetDir
/US/ACH/12_18/,PossibleBotnetDir
/Y1MPmmhL9QtIZ12vyrX/DE/200-Jahre/,PossibleBotnetDir
/drago/images/.ssh/,PossibleBotnetDir
/invited/En_us/Transactions/122018/,PossibleBotnetDir
/0R/,PossibleBotnetDir
/EN/CM2018-COUPONS/,PossibleBotnetDir
/task/2009-06/29/106045/,PossibleBotnetDir
/fckeditor/,PossibleBotnetDir
/task/2009-07/28/117228/,PossibleBotnetDir
/task/2009-06/06/98428/,PossibleBotnetDir
/cp/,PossibleBotnetDir
/hf1o936n/,PossibleBotnetDir
/disc/,PossibleBotnetDir
/flowers/flowers1/,PossibleBotnetDir
/greetings/greetings1/,PossibleBotnetDir
/scenic/scenic1/,PossibleBotnetDir
/dtym/,PossibleBotnetDir
/srv/svn/officek09/vesal11/trunk/,PossibleBotnetDir
/syria-files/attach/222/,PossibleBotnetDir
/xyxd/,PossibleBotnetDir
/app/pd/,PossibleBotnetDir
/userfiles/,PossibleBotnetDir
/nmw/,PossibleBotnetDir
/rk-distributives/,PossibleBotnetDir
/DOC/EN_en/ACH-form/,PossibleBotnetDir
/ezon/images/,PossibleBotnetDir
/forum/month_0911/,PossibleBotnetDir
/forum/month_1009/,PossibleBotnetDir
/forum/month_0903/,PossibleBotnetDir
/forum/month_1011/,PossibleBotnetDir
/forum/month_1001/,PossibleBotnetDir
/forum/201309/27/,PossibleBotnetDir
/forum/month_0812/,PossibleBotnetDir
/forum/month_0910/,PossibleBotnetDir
/forum/forum/pic/122/132/,PossibleBotnetDir
/forum/201307/19/,PossibleBotnetDir
/forum/month_1104/,PossibleBotnetDir
/forum/201304/16/,PossibleBotnetDir
/forum/forum/81/,PossibleBotnetDir
/forum/month_1103/,PossibleBotnetDir
/forum/201604/08/,PossibleBotnetDir
/Teaching/Exercises/samples/,PossibleBotnetDir
/bd/,PossibleBotnetDir
/pipermail/freetds/attachments/20040126/86210179/,PossibleBotnetDir
/rk/,PossibleBotnetDir
/blobby/go/716ce6c5-e07c-43a7-a685-6d934b9f51c3/downloads/,PossibleBotnetDir
/mbox/wwwab/MBOX8.0.1.5/,PossibleBotnetDir
/file/4.1/,PossibleBotnetDir
/inquisb/shellcodeexec/master/windows/,PossibleBotnetDir
/xmoeproject/KrkrExtract/master/OldVersion/1.0.3.1/,PossibleBotnetDir
/update20180524/,PossibleBotnetDir
/bbs/attachment/forum/201403/02/,PossibleBotnetDir
/upFiles/download/,PossibleBotnetDir
/upfiles/download/,PossibleBotnetDir
/bbs/attachment/forum/201108/22/,PossibleBotnetDir
/UploadFile/2009-5/,PossibleBotnetDir
/UploadFile/2009-11/,PossibleBotnetDir
/UploadFile/2009-8/,PossibleBotnetDir
/UploadFile/2011-7/,PossibleBotnetDir
/UploadFile/2009-7/,PossibleBotnetDir
/qq/,PossibleBotnetDir
/updata13/04/,PossibleBotnetDir
/gamersky/updata/,PossibleBotnetDir
/newpatch4/,PossibleBotnetDir
/ware/201306/,PossibleBotnetDir
/ware/201307/,PossibleBotnetDir
/ware/0739/,PossibleBotnetDir
/ware/774710/,PossibleBotnetDir
/ware/9/,PossibleBotnetDir
/ware/201603/,PossibleBotnetDir
/ware/77471226/,PossibleBotnetDir
/updata13/08/,PossibleBotnetDir
/ware/2/,PossibleBotnetDir
/wp-content/plugins/prevent-xmlrpc/,PossibleBotnetDir
/badakmemo/,PossibleBotnetDir
/QQ/,PossibleBotnetDir
/QQ2/,PossibleBotnetDir
/qq2/,PossibleBotnetDir
/qq3/,PossibleBotnetDir
/abc/,PossibleBotnetDir
/ortakmodul/,PossibleBotnetDir
/Setup/NBYS_AH/v10487/,PossibleBotnetDir
/Setup/NBYS_AH/v10480/,PossibleBotnetDir
/qq1/,PossibleBotnetDir
/qq4/,PossibleBotnetDir
/dh_pz/,PossibleBotnetDir
/0/41/05/98/20140301/,PossibleBotnetDir
/0/73/16/34/201308/,PossibleBotnetDir
/yinghuocho/download/master/,PossibleBotnetDir
/SecWiki/windows-kernel-exploits/master/MS15-076/Binary/,PossibleBotnetDir
/malwares/WebShell/master/,PossibleBotnetDir
/SecWiki/windows-kernel-exploits/master/MS16-098/,PossibleBotnetDir
/bug/skoffice/,PossibleBotnetDir
/qq5/,PossibleBotnetDir
/sf5/,PossibleBotnetDir
/x1/,PossibleBotnetDir
/SOFTCAIJI/3/,PossibleBotnetDir
/SOFTCAIJI/7/,PossibleBotnetDir
/SOFTCAIJI/2/,PossibleBotnetDir
/SOFTCAIJI/8/,PossibleBotnetDir
/%E5%AA%92%E4%BD%93%E5%B7%A5%E5%85%B7/%E5%AA%92%E4%BD%93%E5%BD%95%E5%88%B6/,PossibleBotnetDir
/DOWNCAIJI/12/,PossibleBotnetDir
/%E5%BA%94%E7%94%A8%E8%BD%AF%E4%BB%B6/%E8%BD%AC%E6%8D%A2%E7%BF%BB%E8%AF%91/,PossibleBotnetDir
/images/nocache/vicinio/installers/v2/222250168.S28998.1/nsis/888769-S28998.1/180720140325342/msniYourTemplateFinder/,PossibleBotnetDir
/images/nocache/vicinio/installers/v2/224168566.LMDEDE.1/nsis/866580-LMDEDE.1/180517192558962/msniFindYourMaps/,PossibleBotnetDir
/images/nocache/vicinio/installers/v2/224301632.TTAB02.1/nsis/866238-TTAB02.1/180517180105190/msniEasyDocMerge/,PossibleBotnetDir
/dlied6.qq.com/invc/conn_android/drivers/,PossibleBotnetDir
/images/nocache/vicinio/100000417/19562-111117113753/,PossibleBotnetDir
/ashishb/android-malware/master/Android.Malware.at_plapk.a/,PossibleBotnetDir
/images/nocache/vicinio/installers/v2/222010004.TTAB02.1/nsis/867308-TTAB02.1/180518120501399/msniMyTransitGuide/,PossibleBotnetDir
/powerword/update/2016.3.3.0332/selfpatch/,PossibleBotnetDir
/images/nocache/vicinio/installers/v2/211736991.TTAB02.1/nsis/866801-TTAB02.1/180517201326692/msniHowToSimplified/,PossibleBotnetDir
/sf4/,PossibleBotnetDir
/sk/21/tb/,PossibleBotnetDir
/logsite/694JDOC/OLKZ41786YBM/Aug-09-2018-90671945734/SBS-ZOMVI-Aug-09-2018/,PossibleBotnetDir
/logsite/0LDDOC/TKA1833163913SOXCJH/Aug-11-2018-06005952849/NVS-VJXV/,PossibleBotnetDir
/53XGPAY/AGW61685190IBHE/964795/VWM-ZZICD/,PossibleBotnetDir
/tennc/webshell/master/other/,PossibleBotnetDir
/ACH/NUDZ75136N/Aug-06-2018-36209/YD-MRZ-Aug-06-2018/,PossibleBotnetDir
/images/nocache/vicinio/installers/v2/224243980.TTAB02.1/nsis/866612-TTAB02.1/180517193159571/msniFreeRadioCast/,PossibleBotnetDir
/DHL-Tracking/EN_en/,PossibleBotnetDir
/Aug2018/EN_en/Details-to-update/,PossibleBotnetDir
/sites/US_us/Address-Changed/,PossibleBotnetDir
/newsletter/US_us/Payment-enclosed/,PossibleBotnetDir
/39011623449/,PossibleBotnetDir
/DHL-Express/EN_en/,PossibleBotnetDir
/pdf/En/Past-Due-Invoices/Invoice-518442/,PossibleBotnetDir
/others/down/,PossibleBotnetDir
/images/nocache/vicinio/installers/v2/224245005.TTAB02.1/nsis/866643-TTAB02.1/180517193804604/msniFunCustomCreations/,PossibleBotnetDir
/Jul2018/EN_en/ACCOUNT/Invoices/,PossibleBotnetDir
/default/En/FILE/Payment/,PossibleBotnetDir
/default/US_us/Payment-and-address/invoice/,PossibleBotnetDir
/sites/En/Statement/INV5993153912092/,PossibleBotnetDir
/Borradores-acuerdos/,PossibleBotnetDir
/jJJAjhV/,PossibleBotnetDir
/newsletter/US_us/Statement/Auditor-of-State-Notification-of-EFT-Deposit/,PossibleBotnetDir
/Rechnungs/,PossibleBotnetDir
/Open-facturas/,PossibleBotnetDir
/ups.com/WebTracking/QT-1712559/,PossibleBotnetDir
/Factura-pagada/,PossibleBotnetDir
/GREETING-ECARDS/,PossibleBotnetDir
/STATUS/Invoice-6282517993-06-07-2018/,PossibleBotnetDir
/IRS-Tax-Transcipts-June-2018-036/8/,PossibleBotnetDir
/48f5ce/Abierto-Pasado-Vencimiento-Pedidos/,PossibleBotnetDir
/62b161/New-Order-Upcoming/Past-Due-invoice/,PossibleBotnetDir
/Jun2018/Invoices/,PossibleBotnetDir
/Factura/,PossibleBotnetDir
/62b1/Payment-Receipt-06/28/2018/,PossibleBotnetDir
/Declaracion-mensual-junio/,PossibleBotnetDir
/ACCOUNT/Order-22374507161/,PossibleBotnetDir
/images/Facturas-disponibles/,PossibleBotnetDir
/STATUS/tracking-number-and-invoice-of-your-order/,PossibleBotnetDir
/Rechnungsanschrift/Rechnung-fur-Dienstleistungen-046120/,PossibleBotnetDir
/images/ACCOUNT/Client/Auditor-of-State-Notification-of-EFT-Deposit/,PossibleBotnetDir
/RECHNUNG/Rechnung-0633-9238/,PossibleBotnetDir
/FILE/Services-06-19-18-New-Customer-JS/,PossibleBotnetDir
/images/ACCOUNT/INV44779073/,PossibleBotnetDir
/Statement/Order-6646318709/,PossibleBotnetDir
/Rechnungszahlung/,PossibleBotnetDir
/__MACOSX/Invoices-Overdue/,PossibleBotnetDir
/Your-Holidays-eCard/,PossibleBotnetDir
/DOC/RL50155252622WE/Mar-01-2018-0857169173/RU-DIUI-Mar-01-2018/,PossibleBotnetDir
/wp-content/Rechnung/,PossibleBotnetDir
/Rechnung/,PossibleBotnetDir
/Corrections-June/12/2018/,PossibleBotnetDir
/IRS-TRANSCRIPTS-06A/7/,PossibleBotnetDir
/IRS-Tax-Transcipts-013I/1/,PossibleBotnetDir
/FILE/HRI-Monthly-Invoice/,PossibleBotnetDir
/images/IRS-Tax-Transcipts-04/2/,PossibleBotnetDir
/soft/script/,PossibleBotnetDir
/group1/M01/05/3D/,PossibleBotnetDir
/STATUS/Customer-Invoice-SO-29842685/,PossibleBotnetDir
/images/Client/Emailing-U48140AF-99957/,PossibleBotnetDir
/Fakturierung/,PossibleBotnetDir
/DOC/Bezahlen-Sie-die-Rechnung/,PossibleBotnetDir
/ups.com/WebTracking/UCK-432672263819/,PossibleBotnetDir
/images/Client/Invoice-489698/,PossibleBotnetDir
/Z9CFXLQJ4/,PossibleBotnetDir
/wp-content/plugins/ubh/,PossibleBotnetDir
/Companies-Invoices/,PossibleBotnetDir
/images/ups.com/WebTracking/ID-357039312/,PossibleBotnetDir
/votre-facture/,PossibleBotnetDir
/Facture/,PossibleBotnetDir
/ups.com/WebTracking/LS-5365457695/,PossibleBotnetDir
/school2/data/paper/,PossibleBotnetDir
/I4VXeyErUV/,PossibleBotnetDir
/HrQo/,PossibleBotnetDir
/Mar-21-04-07-18/US/,PossibleBotnetDir
/Overdue-payment/,PossibleBotnetDir
/Invoices-attached/,PossibleBotnetDir
/WIRE-FORM/PK-4143542213772/,PossibleBotnetDir
/wp-content/ACH-FORM/MKS-807904483579030/,PossibleBotnetDir
