drnjithendran.com,PossibleBotnetDomain
noithatbimoc.nrglobal.asia,PossibleBotnetDomain
dseti.com,PossibleBotnetDomain
nicespace.cn,PossibleBotnetDomain
solidaire.apf.asso.fr,PossibleBotnetDomain
www.ofoghmed.com,PossibleBotnetDomain
www.synhera.be,PossibleBotnetDomain
www.expertencall.com,PossibleBotnetDomain
cdn.discordapp.com,PossibleBotnetDomain
www.acgvideo.co,PossibleBotnetDomain
www.sgsneaker.com,PossibleBotnetDomain
www.stpetersfbd.ac.in,PossibleBotnetDomain
www.smdelectro.com,PossibleBotnetDomain
rustyrobinson.com,PossibleBotnetDomain
ebaygoals.com,PossibleBotnetDomain
b2b.yarussia.com,PossibleBotnetDomain
www.aktasyaylasi.com,PossibleBotnetDomain
kupidoo.ru,PossibleBotnetDomain
tdsjkh42.ug,PossibleBotnetDomain
www.mascottattoos.in,PossibleBotnetDomain
www.powersys-india.com,PossibleBotnetDomain
dpk.kepriprov.go.id,PossibleBotnetDomain
corp4.site,PossibleBotnetDomain
jh-internacional.rs,PossibleBotnetDomain
mrsoscience.com,PossibleBotnetDomain
www.winchance.co.th,PossibleBotnetDomain
www.jkui.top,PossibleBotnetDomain
edrishyaminfotech.com,PossibleBotnetDomain
toysforages.com,PossibleBotnetDomain
trangphucbieudienyenle.com,PossibleBotnetDomain
uaeessay.com,PossibleBotnetDomain
ladddirectory.laddinc.net,PossibleBotnetDomain
teeapitary.com,PossibleBotnetDomain
kanclartal.com,PossibleBotnetDomain
toortoctel.com,PossibleBotnetDomain
jandneneet.com,PossibleBotnetDomain
thamidicksonmedia.co.za,PossibleBotnetDomain
ursreklam.com,PossibleBotnetDomain
sezmakzimpara.com,PossibleBotnetDomain
www.fastwaylogistic.com,PossibleBotnetDomain
gitep.ucpel.edu.br,PossibleBotnetDomain
xploremotions.com,PossibleBotnetDomain
xroadsiot.com,PossibleBotnetDomain
web.councilbox.com,PossibleBotnetDomain
rambu.ciamiskab.go.id,PossibleBotnetDomain
www.anjosdaesperanca.com,PossibleBotnetDomain
indihire.com,PossibleBotnetDomain
kasturicanada.ca,PossibleBotnetDomain
newlink-tech.cn,PossibleBotnetDomain
propertyinpanvel.in,PossibleBotnetDomain
hyve.com.au,PossibleBotnetDomain
hotelclassicinn.in,PossibleBotnetDomain
vip.lijinxi.com,PossibleBotnetDomain
www.rochestertackle.co.za,PossibleBotnetDomain
headington.co.zw,PossibleBotnetDomain
187.218.76.41,PossibleBotnetDomain
115.59.70.74,PossibleBotnetDomain
www.mysoso.net,PossibleBotnetDomain
sodalitesolutions.com,PossibleBotnetDomain
shop-test.263nt.com,PossibleBotnetDomain
www.tellinkengenharia.com.br,PossibleBotnetDomain
lumiereworld.in,PossibleBotnetDomain
kadamati.xyz,PossibleBotnetDomain
inovini.com.br,PossibleBotnetDomain
gilasrestaurant.ir,PossibleBotnetDomain
ethno.fm,PossibleBotnetDomain
baccaosutritue.vn,PossibleBotnetDomain
asltechworld.in,PossibleBotnetDomain
afghanistanpolicy.com,PossibleBotnetDomain
66586658.com,PossibleBotnetDomain
forum.hwtnetworks.com,PossibleBotnetDomain
travel.rezeptebow.com,PossibleBotnetDomain
wx.52tmm.cn,PossibleBotnetDomain
unlimit.azurewebsites.net,PossibleBotnetDomain
www.chuquanba.com,PossibleBotnetDomain
mininfra.kbr.ru,PossibleBotnetDomain
alotyet.com,PossibleBotnetDomain
royz.in,PossibleBotnetDomain
basic.woo-wa.com,PossibleBotnetDomain
peroxwpc.com,PossibleBotnetDomain
opencart.remotesoftwareninjas.com,PossibleBotnetDomain
psii.net,PossibleBotnetDomain
premiummetal.uz,PossibleBotnetDomain
roshamed.ir,PossibleBotnetDomain
www.aitb66.com,PossibleBotnetDomain
ewallet.ci,PossibleBotnetDomain
designers-platform.com,PossibleBotnetDomain
radheenterpriseonline.com,PossibleBotnetDomain
195.201.27.0,PossibleBotnetDomain
healthfitnessnews.club,PossibleBotnetDomain
www.jiangrongxin.com,PossibleBotnetDomain
80.85.152.51,PossibleBotnetDomain
magic-in-china.com,PossibleBotnetDomain
keepclimbinggym.com,PossibleBotnetDomain
staging.overlogo.com,PossibleBotnetDomain
bayercanadapharma.com,PossibleBotnetDomain
adtasarim.com,PossibleBotnetDomain
mail.masterchoicecleaningservices.com.au,PossibleBotnetDomain
37.252.71.233,PossibleBotnetDomain
patchofeden.com.au,PossibleBotnetDomain
aqabaix.com,PossibleBotnetDomain
simplebodywipe.com,PossibleBotnetDomain
woocomerce.zegital.com,PossibleBotnetDomain
www.onlineiascoaching.com,PossibleBotnetDomain
buyflatinpanvel.com,PossibleBotnetDomain
formelev3.srphoto.fr,PossibleBotnetDomain
kvartura.vn.ua,PossibleBotnetDomain
danenudaane.club,PossibleBotnetDomain
www.smk-group.com.ua,PossibleBotnetDomain
abbasshamshiri.ir,PossibleBotnetDomain
blog.xumingxiang.com,PossibleBotnetDomain
harlancreative.es,PossibleBotnetDomain
bordadodascaldas.softlab.pt,PossibleBotnetDomain
juliusrizaldi.co.id,PossibleBotnetDomain
freelancedigitales.com,PossibleBotnetDomain
landnewspal.com,PossibleBotnetDomain
hyderabadmoversandpackers.com,PossibleBotnetDomain
graphixagency.com,PossibleBotnetDomain
www.asasegy.com,PossibleBotnetDomain
nvrehab.premimpress.com,PossibleBotnetDomain
phanmemgym.net,PossibleBotnetDomain
www.2d2.net,PossibleBotnetDomain
attractiveassembly.com,PossibleBotnetDomain
www.epress.ie,PossibleBotnetDomain
dr-prof-sachidanandasinha-dentalclinic.com,PossibleBotnetDomain
mcgsim-005-site2.btempurl.com,PossibleBotnetDomain
happiness360degree.com,PossibleBotnetDomain
idealssschang.com,PossibleBotnetDomain
kgd898.com,PossibleBotnetDomain
theomelet.com,PossibleBotnetDomain
trendinformatica.eu,PossibleBotnetDomain
www.smartfactorychina.com,PossibleBotnetDomain
puisatiere.fr,PossibleBotnetDomain
mollendo.cl,PossibleBotnetDomain
buniss.com,PossibleBotnetDomain
go-clean.hk,PossibleBotnetDomain
newsite.saendrive.nl,PossibleBotnetDomain
fullcomputacion.cl,PossibleBotnetDomain
501c3guru.com,PossibleBotnetDomain
3dxgadgetstore.com,PossibleBotnetDomain
www.cunningtonbutchers.co.uk,PossibleBotnetDomain
rowleardie.com,PossibleBotnetDomain
sathnusery.com,PossibleBotnetDomain
www.66586658.com,PossibleBotnetDomain
www.harabali.ru,PossibleBotnetDomain
rocktv.in,PossibleBotnetDomain
maram.clickage.in,PossibleBotnetDomain
www.betheme.cn,PossibleBotnetDomain
agronomo.ru,PossibleBotnetDomain
blvdlounge.com,PossibleBotnetDomain
blog.precisely.co.in,PossibleBotnetDomain
arabcb.org,PossibleBotnetDomain
wandertrieb.com,PossibleBotnetDomain
mpgbss.com,PossibleBotnetDomain
cooklawyerllc.com,PossibleBotnetDomain
ferromet.ru,PossibleBotnetDomain
stolovaya.no-st-clients.ru,PossibleBotnetDomain
veas.com.vn,PossibleBotnetDomain
www.lifestylestherapy.com,PossibleBotnetDomain
169.60.136.125,PossibleBotnetDomain
ahdma.vinimam.org.vn,PossibleBotnetDomain
girirajoil.com,PossibleBotnetDomain
acetraining24.com,PossibleBotnetDomain
9pai5.com,PossibleBotnetDomain
dentalotrish.ir,PossibleBotnetDomain
s1if.del.ac.id,PossibleBotnetDomain
intl.cobiax.com,PossibleBotnetDomain
newsite.modernformslights.com,PossibleBotnetDomain
ogaindustry.com,PossibleBotnetDomain
vita-pflege.de,PossibleBotnetDomain
mtwsg.com,PossibleBotnetDomain
en.ntv.as,PossibleBotnetDomain
bolegreenhotel.com,PossibleBotnetDomain
www.npeoba.com,PossibleBotnetDomain
blog.kpourkarite.com,PossibleBotnetDomain
fanfanvod.com,PossibleBotnetDomain
37.49.231.154,PossibleBotnetDomain
qhc.com.br,PossibleBotnetDomain
46.246.44.140,PossibleBotnetDomain
282912.ru,PossibleBotnetDomain
sp344-my.sharepoint.com,PossibleBotnetDomain
captaincure.ir,PossibleBotnetDomain
www.apartmentsbybm.com,PossibleBotnetDomain
www.clinicacrecer.com,PossibleBotnetDomain
allgamers.ir,PossibleBotnetDomain
theptiendat.com,PossibleBotnetDomain
xn--3jsp48bswaq48h.com,PossibleBotnetDomain
taxiapp.transformapp.cl,PossibleBotnetDomain
slinerailing.in,PossibleBotnetDomain
bertrem.com,PossibleBotnetDomain
145.249.106.241,PossibleBotnetDomain
sytercollection.web.id,PossibleBotnetDomain
www.eulenspiegel-stiftung.de,PossibleBotnetDomain
mayagardenmagnesia.com,PossibleBotnetDomain
www.dunlopillo.com.vn,PossibleBotnetDomain
living.portasol.cr,PossibleBotnetDomain
insatechsupply.com,PossibleBotnetDomain
kitkatstudio.com,PossibleBotnetDomain
klkindia.com,PossibleBotnetDomain
gaijinmassoterapia.com,PossibleBotnetDomain
mcr.org.in,PossibleBotnetDomain
nptvillagepreschool.com,PossibleBotnetDomain
storage.waw1.cloud.ovh.net,PossibleBotnetDomain
sgglobalauto.com,PossibleBotnetDomain
www.springconsultancy.co.in,PossibleBotnetDomain
yvd765.com,PossibleBotnetDomain
rglgrupomedico.com.mx,PossibleBotnetDomain
onlinedhobi.co.in,PossibleBotnetDomain
redcuberecords.com,PossibleBotnetDomain
hemantkvlog.com,PossibleBotnetDomain
stikesbaptis.ac.id,PossibleBotnetDomain
prihlaska.sagitta.cz,PossibleBotnetDomain
makalelisiteler.ayakkabilar.org,PossibleBotnetDomain
hraxisindia.com,PossibleBotnetDomain
ameerabd.com,PossibleBotnetDomain
860259.com,PossibleBotnetDomain
birdlandonetoone.com,PossibleBotnetDomain
www.billrothhospitals.com,PossibleBotnetDomain
hotelgashta.ir,PossibleBotnetDomain
portal.ademi-ma.org.br,PossibleBotnetDomain
ulaanbaatar.club,PossibleBotnetDomain
crdpgcollege.co.in,PossibleBotnetDomain
lovelymoments.in,PossibleBotnetDomain
nasserco.demoflys.com,PossibleBotnetDomain
mytokens.biz,PossibleBotnetDomain
www.ankitastarvision.co.in,PossibleBotnetDomain
221.210.211.132,PossibleBotnetDomain
pruebascursodemarketing.server4.demoswp.com,PossibleBotnetDomain
mycouplegoal.com,PossibleBotnetDomain
hotelkrome.com,PossibleBotnetDomain
mobledorehami.ir,PossibleBotnetDomain
futnatv.com.br,PossibleBotnetDomain
emagrecerdebike.com.br,PossibleBotnetDomain
teppi.vn,PossibleBotnetDomain
host03.wnetwork.com.my,PossibleBotnetDomain
hmserve.com,PossibleBotnetDomain
felez-arka.ir,PossibleBotnetDomain
cogskl.iflytek.com,PossibleBotnetDomain
clinicadentalimagen.pe,PossibleBotnetDomain
www.cuteandroid.com,PossibleBotnetDomain
goodwillshipping.co.in,PossibleBotnetDomain
mobilitocell.ir,PossibleBotnetDomain
wujianji.com,PossibleBotnetDomain
marinawellnesshub.com,PossibleBotnetDomain
hopefoundations.in,PossibleBotnetDomain
shimdental.ir,PossibleBotnetDomain
eitworld.com,PossibleBotnetDomain
www.matthieu-tranvan.fr,PossibleBotnetDomain
echoevents.in,PossibleBotnetDomain
meranti.vn,PossibleBotnetDomain
jayreal222.dothome.co.kr,PossibleBotnetDomain
esrpower.com,PossibleBotnetDomain
www.laowupiao.com,PossibleBotnetDomain
groovy-server.com,PossibleBotnetDomain
www.51az.com.cn,PossibleBotnetDomain
peaceco.or.kr,PossibleBotnetDomain
aisa1101.com,PossibleBotnetDomain
thuanphatchem.com,PossibleBotnetDomain
demo.jdinfotech.net,PossibleBotnetDomain
sharefoundation.in,PossibleBotnetDomain
portfolio.kunstfotografi.dk,PossibleBotnetDomain
hendazh.ir,PossibleBotnetDomain
hifoto.vn,PossibleBotnetDomain
elth.in,PossibleBotnetDomain
www.leontuma.com,PossibleBotnetDomain
moshtaghanngo.ir,PossibleBotnetDomain
takinfoam.ir,PossibleBotnetDomain
market.afkarcode.com,PossibleBotnetDomain
www.pixvc.com,PossibleBotnetDomain
applacteoselportillo.com,PossibleBotnetDomain
ladariusgreen.com,PossibleBotnetDomain
www.sushmafoundation.in,PossibleBotnetDomain
entitygaming.in,PossibleBotnetDomain
cantinhodosabor.com.br,PossibleBotnetDomain
especialistassm.com.mx,PossibleBotnetDomain
wp.lijinxi.com,PossibleBotnetDomain
main-news.temit.vn,PossibleBotnetDomain
autoescuelas.vip,PossibleBotnetDomain
pay.aperture-dev.com,PossibleBotnetDomain
www.windo360.com,PossibleBotnetDomain
www.zyx828.com,PossibleBotnetDomain
wayby.com,PossibleBotnetDomain
farmaciaalopatica-com-br.umbler.net,PossibleBotnetDomain
healthsakhi.com,PossibleBotnetDomain
hoianbnptravel.com.vn,PossibleBotnetDomain
sapibook.com,PossibleBotnetDomain
asianwok.co.nz,PossibleBotnetDomain
dsbnola.com,PossibleBotnetDomain
parkourschool.ru,PossibleBotnetDomain
mhi.college,PossibleBotnetDomain
rotaryaravalli.org,PossibleBotnetDomain
www.celbra.com.br,PossibleBotnetDomain
homemyland.net,PossibleBotnetDomain
www.silvesterinmailand.com,PossibleBotnetDomain
www.prorites.com,PossibleBotnetDomain
mteestore.com,PossibleBotnetDomain
182.254.169.215,PossibleBotnetDomain
www.gelisimcizgisi.com,PossibleBotnetDomain
dev.contestee.com,PossibleBotnetDomain
www.streetkan.com,PossibleBotnetDomain
kedaicetakklang.com,PossibleBotnetDomain
photos.exzited.com,PossibleBotnetDomain
mobiatto.ir,PossibleBotnetDomain
happy-antshop.sitenode.sk,PossibleBotnetDomain
www.gab.com.tr,PossibleBotnetDomain
fundingchain.io,PossibleBotnetDomain
salonm4.pl,PossibleBotnetDomain
hillingdonhalfmarathon.co.uk,PossibleBotnetDomain
theme3.msparkgaming.com,PossibleBotnetDomain
petropamchalnovin.ir,PossibleBotnetDomain
phukienotohaiphong.vn,PossibleBotnetDomain
infinityitbd.com,PossibleBotnetDomain
www.advantagenature.com,PossibleBotnetDomain
oxyzencsp.com,PossibleBotnetDomain
sabafilter.com,PossibleBotnetDomain
secavoce.floratapravoce.com.br,PossibleBotnetDomain
feliximports.com.br,PossibleBotnetDomain
s2retail.vn,PossibleBotnetDomain
pbiholding.ir,PossibleBotnetDomain
www.nhsvietnam.com.vn,PossibleBotnetDomain
sbtabank.in,PossibleBotnetDomain
ibtinfracon.com,PossibleBotnetDomain
namdeinvest.com,PossibleBotnetDomain
brightasia.com.sg,PossibleBotnetDomain
49.89.174.135,PossibleBotnetDomain
situspoker.net,PossibleBotnetDomain
rahmieclinic-beauty.com,PossibleBotnetDomain
sarir.botgostar.com,PossibleBotnetDomain
lacan.vn,PossibleBotnetDomain
www.larasan.com,PossibleBotnetDomain
activepass-blog.wordpress.stageno9.com,PossibleBotnetDomain
projet2ireki.fr,PossibleBotnetDomain
kampuswebhost.com,PossibleBotnetDomain
bharatlawpublications.com,PossibleBotnetDomain
simplycannabis207.me,PossibleBotnetDomain
shopzen.vn,PossibleBotnetDomain
senamperkasa.org,PossibleBotnetDomain
theme4.msparkgaming.com,PossibleBotnetDomain
ssar.asia,PossibleBotnetDomain
sukids.com.vn,PossibleBotnetDomain
svkgroups.in,PossibleBotnetDomain
test.ffmpoman.com,PossibleBotnetDomain
tecopsa.backupsupport.es,PossibleBotnetDomain
www.elektro-urban.de,PossibleBotnetDomain
www.nba24x7.com,PossibleBotnetDomain
wellgate.co,PossibleBotnetDomain
ppid.bandungbaratkab.go.id,PossibleBotnetDomain
majarni.com,PossibleBotnetDomain
www.pedsassociates.com,PossibleBotnetDomain
yourweddingmovie.co.uk,PossibleBotnetDomain
ecomriseup.com,PossibleBotnetDomain
en.hdpeurope.com,PossibleBotnetDomain
group8.metropolitanculture.net,PossibleBotnetDomain
104.41.57.113,PossibleBotnetDomain
www.ramayanawaterpark.cn,PossibleBotnetDomain
118.25.26.75,PossibleBotnetDomain
kejpa.com,PossibleBotnetDomain
www.ui3.net,PossibleBotnetDomain
minhvinh.com,PossibleBotnetDomain
oxxleads.com,PossibleBotnetDomain
smartse.ca,PossibleBotnetDomain
www.luotc.cn,PossibleBotnetDomain
enwps.com,PossibleBotnetDomain
corimaxgroup.com,PossibleBotnetDomain
mrvisa.ir,PossibleBotnetDomain
joespizzacoralsprings.com,PossibleBotnetDomain
13.48.51.138,PossibleBotnetDomain
anameplate.com,PossibleBotnetDomain
wildfhs.com,PossibleBotnetDomain
pickclick.ru,PossibleBotnetDomain
hongngochotel.com.vn,PossibleBotnetDomain
ttytquevo.vn,PossibleBotnetDomain
www.crdpgcollege.co.in,PossibleBotnetDomain
rkrice.com,PossibleBotnetDomain
tsj.us,PossibleBotnetDomain
iglow.biz,PossibleBotnetDomain
www.dsbnola.com,PossibleBotnetDomain
vedanshiassociates.in,PossibleBotnetDomain
misbehavintv.online,PossibleBotnetDomain
u0005132m0005jp.u023jp9938.info,PossibleBotnetDomain
www.immtechnical.co.uk,PossibleBotnetDomain
wtcfa.wtc-demo.net,PossibleBotnetDomain
www.brochemedikal.com,PossibleBotnetDomain
www.meditationmusic.shop,PossibleBotnetDomain
prot.drupal8.softikom.lv,PossibleBotnetDomain
diving.rsu.edu.sd,PossibleBotnetDomain
braddock.club,PossibleBotnetDomain
ugajin.net,PossibleBotnetDomain
pages.anandamayiinstituto.com.br,PossibleBotnetDomain
efforts.srdivinetouch.org,PossibleBotnetDomain
www.dyyhfk120.com,PossibleBotnetDomain
www.newkrungthai.com,PossibleBotnetDomain
www.dienlanhducthang.com,PossibleBotnetDomain
www.sschospitality.org,PossibleBotnetDomain
www.enegix.com,PossibleBotnetDomain
megaone.ir,PossibleBotnetDomain
www.jiyatechnology.com,PossibleBotnetDomain
bepeterson.futurismdemo.com,PossibleBotnetDomain
bestmusicafrica.com,PossibleBotnetDomain
bitextreme.com.my,PossibleBotnetDomain
www.linsir888.com,PossibleBotnetDomain
www.maisenwenhua.cn,PossibleBotnetDomain
www.sysmec.in,PossibleBotnetDomain
www.its-fondazionearchimede.it,PossibleBotnetDomain
parisairportdisneyprestigetransfer.com,PossibleBotnetDomain
vuillaumesophrologie.fr,PossibleBotnetDomain
www.telmekoyu.com,PossibleBotnetDomain
www.xinwenwang123.cn,PossibleBotnetDomain
lifedailygadgets.com,PossibleBotnetDomain
bakestories.com,PossibleBotnetDomain
www.gnc.happenizedev.com,PossibleBotnetDomain
progressbusinessgroup.com,PossibleBotnetDomain
162.246.20.117,PossibleBotnetDomain
theenterpriseholdings.com,PossibleBotnetDomain
213.7.222.78,PossibleBotnetDomain
video.mndflmeditation.com,PossibleBotnetDomain
families.co.kr,PossibleBotnetDomain
www.immchy.com,PossibleBotnetDomain
138.68.20.130,PossibleBotnetDomain
konjed98.ir,PossibleBotnetDomain
erikaalcocer.com,PossibleBotnetDomain
bookabus.sg,PossibleBotnetDomain
bnms.com.tr,PossibleBotnetDomain
vics.com.sg,PossibleBotnetDomain
sultanshopbd.com,PossibleBotnetDomain
showlifeyatcilik.com,PossibleBotnetDomain
newcityconstructions.com,PossibleBotnetDomain
blog.flyfishx.com,PossibleBotnetDomain
www.zlink.ltd,PossibleBotnetDomain
fabo.studio,PossibleBotnetDomain
me.ft.unri.ac.id,PossibleBotnetDomain
loekey.nl,PossibleBotnetDomain
hazafood.id,PossibleBotnetDomain
energyprohomesolutions.com,PossibleBotnetDomain
bellagio-sochi.ru,PossibleBotnetDomain
www.koehpa.com,PossibleBotnetDomain
uchannel.id,PossibleBotnetDomain
ross-ocenka.ru,PossibleBotnetDomain
ecommercehub.com.br,PossibleBotnetDomain
web.wangshigw.com,PossibleBotnetDomain
theglorioushotels.com,PossibleBotnetDomain
test4.kouixc.cn,PossibleBotnetDomain
tesser.com.br,PossibleBotnetDomain
sougyou-shien.net,PossibleBotnetDomain
smskey.ru,PossibleBotnetDomain
sensungbonmua.vn,PossibleBotnetDomain
sciematical.org.za,PossibleBotnetDomain
sanatec7.com,PossibleBotnetDomain
perfectmking.com,PossibleBotnetDomain
nww.netwebware.com,PossibleBotnetDomain
listadeactividades.com,PossibleBotnetDomain
inc.2-5-d.jp,PossibleBotnetDomain
generactz.com,PossibleBotnetDomain
chuquanla.com,PossibleBotnetDomain
arbogabio.se,PossibleBotnetDomain
203.109.113.155,PossibleBotnetDomain
backend.venturesplatform.com,PossibleBotnetDomain
blog.flightlineshop.com,PossibleBotnetDomain
directdatacorporation.com,PossibleBotnetDomain
rentalmobilbandung.id,PossibleBotnetDomain
landpartie.info,PossibleBotnetDomain
hsa.cozy.edc.edu.np,PossibleBotnetDomain
s5.allergiealalcool.com,PossibleBotnetDomain
nv1.blinkxiu.com,PossibleBotnetDomain
megagestor.com,PossibleBotnetDomain
www.proda.gob.ar,PossibleBotnetDomain
www.villamejia.com,PossibleBotnetDomain
www.bimcc.com,PossibleBotnetDomain
wp.environ-solar.in,PossibleBotnetDomain
www.milanoschool.org,PossibleBotnetDomain
grant-massage.ru,PossibleBotnetDomain
gonotontronews.com,PossibleBotnetDomain
pharmamammarx.com,PossibleBotnetDomain
ceo.zi-bon.com,PossibleBotnetDomain
mysoso.net,PossibleBotnetDomain
104.148.42.209,PossibleBotnetDomain
www.goodhope.org.pe,PossibleBotnetDomain
79.143.25.235,PossibleBotnetDomain
nhakhoaxuanhuong.com.vn,PossibleBotnetDomain
youngsungallery.com,PossibleBotnetDomain
ftk.uin-antasari.ac.id,PossibleBotnetDomain
216.198.66.121,PossibleBotnetDomain
27.188.46.156,PossibleBotnetDomain
www.ukrembtr.com,PossibleBotnetDomain
myphamthuydung.com,PossibleBotnetDomain
mofdold.ug,PossibleBotnetDomain
marksidfgs.ug,PossibleBotnetDomain
bratiop.ru,PossibleBotnetDomain
evolvedself.com,PossibleBotnetDomain
pickpointgarage.com,PossibleBotnetDomain
www.svuotastock.com,PossibleBotnetDomain
www.snaptec.co,PossibleBotnetDomain
89.42.133.13,PossibleBotnetDomain
3v6bz7g2bncvrinwmaawz2t4.file.truckbennels.com,PossibleBotnetDomain
liveleshow.com,PossibleBotnetDomain
sigepromo.com,PossibleBotnetDomain
180130098.tbmyoweb.com,PossibleBotnetDomain
38seventeen.com,PossibleBotnetDomain
profileonline360.com,PossibleBotnetDomain
littlerosespace.com,PossibleBotnetDomain
onlinemafia.co.za,PossibleBotnetDomain
mfgifts.co.in,PossibleBotnetDomain
worldcook.net,PossibleBotnetDomain
fierceinkpress.com,PossibleBotnetDomain
www.ksr-kuebler.com.cn,PossibleBotnetDomain
ximengjz.cn,PossibleBotnetDomain
www.educationcharter.net,PossibleBotnetDomain
joormarket.ir,PossibleBotnetDomain
demo.tec1m.com,PossibleBotnetDomain
amt.in.th,PossibleBotnetDomain
bark.hwtnetworks.com,PossibleBotnetDomain
aitb66.com,PossibleBotnetDomain
test.iqdesign.rs,PossibleBotnetDomain
www.yzmwh.com,PossibleBotnetDomain
www.electrability.com.au,PossibleBotnetDomain
kplhostweb.com,PossibleBotnetDomain
noithatthientuan.com,PossibleBotnetDomain
graceinfosoft.in,PossibleBotnetDomain
esmerocapas.com.br,PossibleBotnetDomain
www.52osta.cn,PossibleBotnetDomain
sojasojastudio.com,PossibleBotnetDomain
nuevaley.cl,PossibleBotnetDomain
ganeca.co.id,PossibleBotnetDomain
chasem2020.com,PossibleBotnetDomain
www.ead.com.tn,PossibleBotnetDomain
sellyoursky.in,PossibleBotnetDomain
demo.econzserver.com,PossibleBotnetDomain
datvemaybay247.com,PossibleBotnetDomain
robotikhatun.com,PossibleBotnetDomain
rs-blog.wadic.net,PossibleBotnetDomain
www.vjjb.cn,PossibleBotnetDomain
raipic.cl,PossibleBotnetDomain
www.ipsen.cn,PossibleBotnetDomain
www.amanuta.cl,PossibleBotnetDomain
dumann.com.br,PossibleBotnetDomain
www.merkmodeonline.nl,PossibleBotnetDomain
www.oshodrycleaning.com,PossibleBotnetDomain
re365.com,PossibleBotnetDomain
idogoiania.com.br,PossibleBotnetDomain
fago.vn,PossibleBotnetDomain
hadaskatz.co.il,PossibleBotnetDomain
socdev.mcu.ac.th,PossibleBotnetDomain
dev.haisanquangbinh.vn,PossibleBotnetDomain
smkadiluhur2.net,PossibleBotnetDomain
coffeecafe25.ausmategroup.com.au,PossibleBotnetDomain
laptoptable.in,PossibleBotnetDomain
demo.voolatech.com,PossibleBotnetDomain
fts-stone.com,PossibleBotnetDomain
mahdisbehdasht.ir,PossibleBotnetDomain
aamnaaya.in,PossibleBotnetDomain
test.whatsappin.com,PossibleBotnetDomain
www.xdele.cn,PossibleBotnetDomain
shoeshouse.in,PossibleBotnetDomain
veins.institute,PossibleBotnetDomain
www.firepulsesports.com,PossibleBotnetDomain
magepwathemes.com,PossibleBotnetDomain
theblogchamp.com,PossibleBotnetDomain
blog.learncy.net,PossibleBotnetDomain
www2.percolab.com,PossibleBotnetDomain
medhatzaki.com,PossibleBotnetDomain
eldodesign.com,PossibleBotnetDomain
soaponline.org,PossibleBotnetDomain
hospitalsanrafael.ainimedina.com,PossibleBotnetDomain
dealer.samh.co.th,PossibleBotnetDomain
www.recetags.com,PossibleBotnetDomain
gemstatedev.com,PossibleBotnetDomain
bali.com.br,PossibleBotnetDomain
wilkopaintinc.com,PossibleBotnetDomain
www.bitesph.com,PossibleBotnetDomain
edu.widion.com,PossibleBotnetDomain
roshanakshop.ir,PossibleBotnetDomain
gsa.co.in,PossibleBotnetDomain
193.176.78.159,PossibleBotnetDomain
www.rivestiti.com,PossibleBotnetDomain
ipsen.cn,PossibleBotnetDomain
best-fences.ru,PossibleBotnetDomain
itamkeen.com,PossibleBotnetDomain
safechild1.com,PossibleBotnetDomain
chatnwax.com,PossibleBotnetDomain
3mbapparel.com,PossibleBotnetDomain
buyrealdocumentonline.com,PossibleBotnetDomain
auliskicamp.in,PossibleBotnetDomain
chefschula.com,PossibleBotnetDomain
quieromoneybags.com,PossibleBotnetDomain
jdcc-stu.com,PossibleBotnetDomain
mountainstory.pk,PossibleBotnetDomain
89.216.167.239,PossibleBotnetDomain
salemdreamhomes.com,PossibleBotnetDomain
ghonche93.ir,PossibleBotnetDomain
l2premium.com,PossibleBotnetDomain
weight-loss-news.mzdigital.co.za,PossibleBotnetDomain
www.ost.al,PossibleBotnetDomain
beta.heligate.com.vn,PossibleBotnetDomain
www.zx029.com.cn,PossibleBotnetDomain
www.appinnovators.com,PossibleBotnetDomain
keperawatan.malahayati.ac.id,PossibleBotnetDomain
sgsneaker.com,PossibleBotnetDomain
abdullahsametcetin.com,PossibleBotnetDomain
realcoresystems.com,PossibleBotnetDomain
thuoctay24h.xyz,PossibleBotnetDomain
haisanquangbinh.vn,PossibleBotnetDomain
jbl-tech.com,PossibleBotnetDomain
cece.edu.vn,PossibleBotnetDomain
acqua.solarcytec.com,PossibleBotnetDomain
activecampaign.urtestsite.com,PossibleBotnetDomain
vanity.sitecare.org,PossibleBotnetDomain
eaglevision.ir,PossibleBotnetDomain
janejahan.com,PossibleBotnetDomain
fasadnerilvacum.am,PossibleBotnetDomain
www.liaoweiling.top,PossibleBotnetDomain
sacs.hwtnetworks.com,PossibleBotnetDomain
crimebranch.in,PossibleBotnetDomain
touba-art.ir,PossibleBotnetDomain
demo.woo-wa.com,PossibleBotnetDomain
psikologimarketing.com,PossibleBotnetDomain
glojef.hwtnetworks.com,PossibleBotnetDomain
mgn.becksworld.org,PossibleBotnetDomain
vikstory.ca,PossibleBotnetDomain
www.yadegarebastan.com,PossibleBotnetDomain
whatsappin.com,PossibleBotnetDomain
nargeslaban.ir,PossibleBotnetDomain
mobinelv.ir,PossibleBotnetDomain
nargolpelastic.ir,PossibleBotnetDomain
metro-pool.ir,PossibleBotnetDomain
faustosarli.com,PossibleBotnetDomain
kingsdoggy.blaucloud.de,PossibleBotnetDomain
www.bcsscienceplus.com,PossibleBotnetDomain
metriduc.com,PossibleBotnetDomain
sosqom.ir,PossibleBotnetDomain
qasrejahizieh.ir,PossibleBotnetDomain
proluxshop.ir,PossibleBotnetDomain
pipe-baspar.ir,PossibleBotnetDomain
newtrendmall.store,PossibleBotnetDomain
electrosub.hu,PossibleBotnetDomain
ebs1952.com,PossibleBotnetDomain
aoujlift.ir,PossibleBotnetDomain
aoos.online,PossibleBotnetDomain
78.128.114.111,PossibleBotnetDomain
software.its.ac.id,PossibleBotnetDomain
mosaiclabel.com,PossibleBotnetDomain
raasset.com,PossibleBotnetDomain
www.alfalah-ent.com,PossibleBotnetDomain
173.208.139.170,PossibleBotnetDomain
tk-598.techcrim.ru,PossibleBotnetDomain
121.169.177.87,PossibleBotnetDomain
gence.com.vn,PossibleBotnetDomain
www.niktechnice.ir,PossibleBotnetDomain
www.lanhuinet.cn,PossibleBotnetDomain
evidenceworld.org,PossibleBotnetDomain
allnatural.pk,PossibleBotnetDomain
prholding.it,PossibleBotnetDomain
www.lovebing.net,PossibleBotnetDomain
37.49.231.143,PossibleBotnetDomain
testdatabaseforcepoint.com,PossibleBotnetDomain
duserifram.toshibanetcam.com,PossibleBotnetDomain
23.228.113.244,PossibleBotnetDomain
185.43.19.151,PossibleBotnetDomain
61.63.188.60,PossibleBotnetDomain
95.179.206.88,PossibleBotnetDomain
191.254.1.236,PossibleBotnetDomain
176.113.161.51,PossibleBotnetDomain
110.49.109.156,PossibleBotnetDomain
100.16.215.164,PossibleBotnetDomain
85.97.207.119,PossibleBotnetDomain
80.245.105.21,PossibleBotnetDomain
ploegeroxboturkiye.com,PossibleBotnetDomain
gozdecelikkayseri.com,PossibleBotnetDomain
datvensaigon.com,PossibleBotnetDomain
consultinghd.ge,PossibleBotnetDomain
verbalfunda.in,PossibleBotnetDomain
www.sqjjdc.com,PossibleBotnetDomain
mirandusmedical.com,PossibleBotnetDomain
www.corph.in,PossibleBotnetDomain
83.170.193.178,PossibleBotnetDomain
64.150.209.192,PossibleBotnetDomain
getzwellness.com,PossibleBotnetDomain
performance360.org,PossibleBotnetDomain
mvvsnp.com.vn,PossibleBotnetDomain
www.tudorlodgeconsultants.com,PossibleBotnetDomain
wakecar.cn,PossibleBotnetDomain
www.1lo.lukow.pl,PossibleBotnetDomain
neivamoresco.com.br,PossibleBotnetDomain
easychinese.vn,PossibleBotnetDomain
ambeylogistic.com,PossibleBotnetDomain
synapse-labo.com,PossibleBotnetDomain
www.vet.auth.gr,PossibleBotnetDomain
hangqi.xyz,PossibleBotnetDomain
107.172.208.25,PossibleBotnetDomain
sg771.kwikfunnels.com,PossibleBotnetDomain
shop.saladecor.com.vn,PossibleBotnetDomain
gangasecurity.in,PossibleBotnetDomain
thepanickydad.com,PossibleBotnetDomain
resonandogt.com,PossibleBotnetDomain
fip.unimed.ac.id,PossibleBotnetDomain
scammerreviews.com,PossibleBotnetDomain
t666v.com,PossibleBotnetDomain
grupoaser.com.gt,PossibleBotnetDomain
anjumpackages.com,PossibleBotnetDomain
timelesstraining.net,PossibleBotnetDomain
casinovegas.in,PossibleBotnetDomain
meitao886.com,PossibleBotnetDomain
tfvn.com.vn,PossibleBotnetDomain
gomaui.co,PossibleBotnetDomain
dreammotokolkata.com,PossibleBotnetDomain
hasung.vn,PossibleBotnetDomain
keshavalur.com,PossibleBotnetDomain
rkpd.ulvitravel.com,PossibleBotnetDomain
kelurahanraya.ulvitravel.com,PossibleBotnetDomain
gurukool.tech,PossibleBotnetDomain
southeasternamateurchampionships.com,PossibleBotnetDomain
carinisnc.it,PossibleBotnetDomain
bipinvideolab.com,PossibleBotnetDomain
jurness2shop.com,PossibleBotnetDomain
grace2hk.designers-platform.com,PossibleBotnetDomain
jgx.xhk.mybluehost.me,PossibleBotnetDomain
nunes.ca,PossibleBotnetDomain
112.254.139.161,PossibleBotnetDomain
arielcarter.com,PossibleBotnetDomain
freestyle.hk,PossibleBotnetDomain
grace2hk.com,PossibleBotnetDomain
pascalterjanian.com,PossibleBotnetDomain
monoclepetes.com,PossibleBotnetDomain
www.pdfguidance.com,PossibleBotnetDomain
painmanagementdoctorsdenver.com,PossibleBotnetDomain
quynhhanhphuc.com,PossibleBotnetDomain
smartpdfreader.com,PossibleBotnetDomain
120.25.241.243,PossibleBotnetDomain
benderhall.com,PossibleBotnetDomain
pdfaide.com,PossibleBotnetDomain
www.teorija.rs,PossibleBotnetDomain
180.176.211.171,PossibleBotnetDomain
f.top4top.net,PossibleBotnetDomain
185.44.112.103,PossibleBotnetDomain
manohartated.com,PossibleBotnetDomain
187.44.31.222,PossibleBotnetDomain
espace-developpement.org,PossibleBotnetDomain
www.espace-developpement.org,PossibleBotnetDomain
176.113.161.131,PossibleBotnetDomain
73.226.139.245,PossibleBotnetDomain
socialbyte.info,PossibleBotnetDomain
www.mazhenkai.top,PossibleBotnetDomain
solardelivery.tk,PossibleBotnetDomain
smuconsulting.com,PossibleBotnetDomain
194.180.224.100,PossibleBotnetDomain
valeautopecas.valeexpressa.com,PossibleBotnetDomain
fengyunhuiwu.com,PossibleBotnetDomain
tuvandoanhnghiep.org,PossibleBotnetDomain
dcacademy.designerscafe.in,PossibleBotnetDomain
guru-kripa.designerscafe.in,PossibleBotnetDomain
bankaihtiyackredi.com,PossibleBotnetDomain
94.53.120.109,PossibleBotnetDomain
easydown.workday360.cn,PossibleBotnetDomain
cdn.fanyamedia.net,PossibleBotnetDomain
foodmaltese.com,PossibleBotnetDomain
soapstampingmachines.com,PossibleBotnetDomain
beautyhealth4you.com,PossibleBotnetDomain
learningcomputing.org,PossibleBotnetDomain
bestnikoncamera.com,PossibleBotnetDomain
3.top4top.net,PossibleBotnetDomain
oc.webexpertsonline.org,PossibleBotnetDomain
royalcargomovers.org,PossibleBotnetDomain
148.251.133.24,PossibleBotnetDomain
fomoportugal.com,PossibleBotnetDomain
91.236.116.64,PossibleBotnetDomain
146.185.195.20,PossibleBotnetDomain
209.141.61.126,PossibleBotnetDomain
junkfood.id,PossibleBotnetDomain
discoveryinspectors.com,PossibleBotnetDomain
www.daiblog.org,PossibleBotnetDomain
blog.241optical.com,PossibleBotnetDomain
sriglobalit.com,PossibleBotnetDomain
samsunteraryum.com,PossibleBotnetDomain
alfaeticaret.com,PossibleBotnetDomain
79.122.96.30,PossibleBotnetDomain
vaytaichinhonline.com,PossibleBotnetDomain
128.106.183.24,PossibleBotnetDomain
108.214.240.100,PossibleBotnetDomain
92.84.165.203,PossibleBotnetDomain
1.32.54.239,PossibleBotnetDomain
dl.ttp1.cn,PossibleBotnetDomain
config.kuaisousou.top,PossibleBotnetDomain
balairungartsproduction.com,PossibleBotnetDomain
korea.kuai-go.com,PossibleBotnetDomain
14.186.27.115,PossibleBotnetDomain
kfdhsa.ru,PossibleBotnetDomain
infocarnames.ru,PossibleBotnetDomain
www.runrunjz.com,PossibleBotnetDomain
ret.kuai-go.com,PossibleBotnetDomain
31.128.173.853.zhzy999.net31.128.173.853.zhzy999.net,PossibleBotnetDomain
zhzy999.net,PossibleBotnetDomain
nilufersecimofisi.com,PossibleBotnetDomain
cts24.com.pl,PossibleBotnetDomain
139.5.177.19,PossibleBotnetDomain
92.63.192.128,PossibleBotnetDomain
139.5.177.10,PossibleBotnetDomain
106.240.244.93,PossibleBotnetDomain
misogroup.co.kr,PossibleBotnetDomain
www.interiordesignservices.us,PossibleBotnetDomain
fuoge.pw,PossibleBotnetDomain
gwtyt.pw,PossibleBotnetDomain
www.fuoge.pw,PossibleBotnetDomain
pharmachemsales.com,PossibleBotnetDomain
freehacksfornite.com,PossibleBotnetDomain
scotchnovin.com,PossibleBotnetDomain
realfil.com,PossibleBotnetDomain
www.pintuepoxicos.com,PossibleBotnetDomain
zpindyshop.com,PossibleBotnetDomain
pcayahage.com,PossibleBotnetDomain
fs13n2.sendspace.com,PossibleBotnetDomain
redgreenblogs.com,PossibleBotnetDomain
fs13n4.sendspace.com,PossibleBotnetDomain
fs13n1.sendspace.com,PossibleBotnetDomain
bucketlistadvtours.com,PossibleBotnetDomain
www.spanishbullfighters.com,PossibleBotnetDomain
zaimingfangchan.com,PossibleBotnetDomain
amtours.net,PossibleBotnetDomain
kecforging.com,PossibleBotnetDomain
98.21.251.169,PossibleBotnetDomain
blogbattalionelite.com,PossibleBotnetDomain
gessuae.ae,PossibleBotnetDomain
190.121.126.107,PossibleBotnetDomain
www.softandw.it,PossibleBotnetDomain
103.99.2.65,PossibleBotnetDomain
navinfamilywines.com,PossibleBotnetDomain
hilbizworld.top,PossibleBotnetDomain
dubem.top,PossibleBotnetDomain
www.851211.cn,PossibleBotnetDomain
mdcor.com.br,PossibleBotnetDomain
madnik.beget.tech,PossibleBotnetDomain
sidias.com.br,PossibleBotnetDomain
jobmalawi.com,PossibleBotnetDomain
www.thenyweekly.com,PossibleBotnetDomain
cstextile.in,PossibleBotnetDomain
backerplanet.com,PossibleBotnetDomain
trubpelis.h1n.ru,PossibleBotnetDomain
www.izu.co.jp,PossibleBotnetDomain
82.81.44.203,PossibleBotnetDomain
46.116.26.222,PossibleBotnetDomain
64.20.36.234,PossibleBotnetDomain
leatherlites.ug,PossibleBotnetDomain
paipaisdvzxc.ru,PossibleBotnetDomain
firestarter.co.ug,PossibleBotnetDomain
www.gamee.top,PossibleBotnetDomain
fordlamdong.com.vn,PossibleBotnetDomain
81.218.187.113,PossibleBotnetDomain
waghmaredd.com,PossibleBotnetDomain
holapam.com,PossibleBotnetDomain
telescopelms.com,PossibleBotnetDomain
sundancedesigns.net,PossibleBotnetDomain
wakokaeae7r.2wwzk3tpin6kc.cf,PossibleBotnetDomain
jobokutokel.jeparakab.go.id,PossibleBotnetDomain
ring2.ug,PossibleBotnetDomain
www.accessyouraudience.com,PossibleBotnetDomain
onedrive.live.com,PossibleBotnetDomain
gigantic-friends.com,PossibleBotnetDomain
7godzapparal.com,PossibleBotnetDomain
cdn.isoskycn.com,PossibleBotnetDomain
flood-protection.org,PossibleBotnetDomain
47.187.120.184,PossibleBotnetDomain
landmarktreks.com,PossibleBotnetDomain
www.pcginsure.com,PossibleBotnetDomain
narty.laserteam.pl,PossibleBotnetDomain
www.cakra.co.id,PossibleBotnetDomain
yudiartawan.com,PossibleBotnetDomain
osesama.jp,PossibleBotnetDomain
45.95.168.115,PossibleBotnetDomain
58.114.245.23,PossibleBotnetDomain
186.34.4.40,PossibleBotnetDomain
82.80.176.116,PossibleBotnetDomain
down.allthelive.com,PossibleBotnetDomain
down.1919wan.com,PossibleBotnetDomain
109.104.197.153,PossibleBotnetDomain
lashlabplus.com,PossibleBotnetDomain
laboratorioaja.com.br,PossibleBotnetDomain
sbhosale.com,PossibleBotnetDomain
107.189.10.171,PossibleBotnetDomain
104.33.13.36,PossibleBotnetDomain
cdn.xiaoduoai.com,PossibleBotnetDomain
img.sobot.com,PossibleBotnetDomain
5.206.227.65,PossibleBotnetDomain
caspertour.asc-florida.com,PossibleBotnetDomain
62.103.77.120,PossibleBotnetDomain
86.18.117.139,PossibleBotnetDomain
67.163.156.129,PossibleBotnetDomain
210.126.15.27,PossibleBotnetDomain
173.25.113.8,PossibleBotnetDomain
thenyweekly.com,PossibleBotnetDomain
49.234.210.96,PossibleBotnetDomain
medianews.ge,PossibleBotnetDomain
185.29.54.209,PossibleBotnetDomain
notariuszswietochlowice.pl,PossibleBotnetDomain
www.yinqilawyer.com,PossibleBotnetDomain
www.bida123.pw,PossibleBotnetDomain
www.ibanezservers.net,PossibleBotnetDomain
parkhan.net,PossibleBotnetDomain
peruorganiconatural.com,PossibleBotnetDomain
50.198.129.242,PossibleBotnetDomain
vadyur.github.io,PossibleBotnetDomain
109.107.249.137,PossibleBotnetDomain
68.174.119.7,PossibleBotnetDomain
2.56.8.146,PossibleBotnetDomain
82.81.172.94,PossibleBotnetDomain
189.33.57.191,PossibleBotnetDomain
anovatrade-corp.org,PossibleBotnetDomain
magda.zelentourism.com,PossibleBotnetDomain
smile-lover.com,PossibleBotnetDomain
alg0sec.com,PossibleBotnetDomain
gss.mof.gov.cn,PossibleBotnetDomain
183.102.238.212,PossibleBotnetDomain
212.143.172.30,PossibleBotnetDomain
45.95.55.121,PossibleBotnetDomain
91.92.213.37,PossibleBotnetDomain
185.36.190.239,PossibleBotnetDomain
kirstenbijlsma.com,PossibleBotnetDomain
190.218.118.110,PossibleBotnetDomain
www.zzanusa.com,PossibleBotnetDomain
seednext.work,PossibleBotnetDomain
down.soft.flyidea.top,PossibleBotnetDomain
news.omumusic.net,PossibleBotnetDomain
tuttoutu.com,PossibleBotnetDomain
belt2008.com,PossibleBotnetDomain
185.161.211.41,PossibleBotnetDomain
steelforging.biz,PossibleBotnetDomain
211.57.200.56,PossibleBotnetDomain
www.hansolink.com,PossibleBotnetDomain
www.hansolink.co.kr,PossibleBotnetDomain
hansolink.com,PossibleBotnetDomain
yama-wonderfull-blog.com,PossibleBotnetDomain
34.77.197.252,PossibleBotnetDomain
sh2nevinsk.ru,PossibleBotnetDomain
181.143.146.58,PossibleBotnetDomain
108.237.60.93,PossibleBotnetDomain
biosystem1.com,PossibleBotnetDomain
82.81.197.254,PossibleBotnetDomain
32.219.98.129,PossibleBotnetDomain
limefrog.io,PossibleBotnetDomain
www.eayule.cn,PossibleBotnetDomain
manajemen.feb.unair.ac.id,PossibleBotnetDomain
81.213.141.184,PossibleBotnetDomain
75.127.141.52,PossibleBotnetDomain
congnghiep.hagroup.com.vn,PossibleBotnetDomain
ideas-more.com.sa,PossibleBotnetDomain
decorstyle.ig.com.br,PossibleBotnetDomain
104.168.190.82,PossibleBotnetDomain
webtechfeeders.in,PossibleBotnetDomain
auraco.ca,PossibleBotnetDomain
79.79.58.94,PossibleBotnetDomain
120.52.33.2,PossibleBotnetDomain
testtest.eximo.pl,PossibleBotnetDomain
85.97.201.58,PossibleBotnetDomain
35.141.217.189,PossibleBotnetDomain
193.169.252.230,PossibleBotnetDomain
95.9.225.5,PossibleBotnetDomain
175.158.45.118,PossibleBotnetDomain
inspired-organize.com,PossibleBotnetDomain
blog.daneshjooyi.com,PossibleBotnetDomain
depgrup.com,PossibleBotnetDomain
172.90.37.142,PossibleBotnetDomain
bonus-casino.eu,PossibleBotnetDomain
izmirtadilatci.com,PossibleBotnetDomain
mysafetrip.fr,PossibleBotnetDomain
103.1.250.236,PossibleBotnetDomain
www.bonus-casino.eu,PossibleBotnetDomain
61.68.40.199,PossibleBotnetDomain
supersellerfl.com,PossibleBotnetDomain
uyikjtn.eu,PossibleBotnetDomain
185.5.229.8,PossibleBotnetDomain
89.35.39.74,PossibleBotnetDomain
musichoangson.com,PossibleBotnetDomain
ekonaut.org,PossibleBotnetDomain
mmsdreamteam.com,PossibleBotnetDomain
www.rbcfort.com,PossibleBotnetDomain
185.83.88.108,PossibleBotnetDomain
gist.githubusercontent.com,PossibleBotnetDomain
maralskds.ug,PossibleBotnetDomain
simonsereno.com,PossibleBotnetDomain
217.8.117.22,PossibleBotnetDomain
asdasgs.ug,PossibleBotnetDomain
wood-expert.net,PossibleBotnetDomain
96.73.221.114,PossibleBotnetDomain
thuriahotel.com,PossibleBotnetDomain
files.gamebanana.com,PossibleBotnetDomain
79.118.195.239,PossibleBotnetDomain
60.198.180.122,PossibleBotnetDomain
72.234.57.0,PossibleBotnetDomain
50.250.94.153,PossibleBotnetDomain
sharjahas.com,PossibleBotnetDomain
shanemoodie.com,PossibleBotnetDomain
selcukluticaret.com,PossibleBotnetDomain
projets.groupemfadel.com,PossibleBotnetDomain
91.98.144.187,PossibleBotnetDomain
79.127.104.227,PossibleBotnetDomain
gomyfiles.info,PossibleBotnetDomain
www.518vps.com,PossibleBotnetDomain
219.68.1.148,PossibleBotnetDomain
quatanggmt.com,PossibleBotnetDomain
91.149.191.182,PossibleBotnetDomain
animalmagazinchik.ru,PossibleBotnetDomain
lsyinc.com,PossibleBotnetDomain
test.iyibakkendine.com,PossibleBotnetDomain
14.200.151.90,PossibleBotnetDomain
attack.s2lol.com,PossibleBotnetDomain
dobresmaki.eu,PossibleBotnetDomain
effectivefamilycounseling.com,PossibleBotnetDomain
www.moneyhairparty.com,PossibleBotnetDomain
52osta.cn,PossibleBotnetDomain
bilim-pavlodar.gov.kz,PossibleBotnetDomain
72.89.84.172,PossibleBotnetDomain
daynightgym.com,PossibleBotnetDomain
cfrancais.files.wordpress.com,PossibleBotnetDomain
khairulislamalamin.com,PossibleBotnetDomain
85.105.165.236,PossibleBotnetDomain
www.khairulislamalamin.com,PossibleBotnetDomain
yamato-ku.com,PossibleBotnetDomain
selfhelpstartshere.com,PossibleBotnetDomain
kqq.kz,PossibleBotnetDomain
lecafedesartistes.com,PossibleBotnetDomain
61.247.224.66,PossibleBotnetDomain
73.232.103.212,PossibleBotnetDomain
182.160.125.229,PossibleBotnetDomain
145.255.26.115,PossibleBotnetDomain
dropbox.com.sexvoorlichting.com,PossibleBotnetDomain
download.ttz3.cn,PossibleBotnetDomain
dev-nextgen.com,PossibleBotnetDomain
82.103.90.22,PossibleBotnetDomain
download.zjsyawqj.cn,PossibleBotnetDomain
103.207.38.15,PossibleBotnetDomain
2.185.150.180,PossibleBotnetDomain
108.246.79.90,PossibleBotnetDomain
interbus.cz,PossibleBotnetDomain
impression-gobelet.com,PossibleBotnetDomain
jamiekaylive.com,PossibleBotnetDomain
davinadouthard.com,PossibleBotnetDomain
www.michelsoares.com.br,PossibleBotnetDomain
community.polishingtheprofessional.com,PossibleBotnetDomain
121.158.79.203,PossibleBotnetDomain
hfsoftware.cl,PossibleBotnetDomain
dx60.siweidaoxiang.com,PossibleBotnetDomain
www.newxing.com,PossibleBotnetDomain
www.vatro.cl,PossibleBotnetDomain
177.230.61.120,PossibleBotnetDomain
2.38.109.52,PossibleBotnetDomain
dn-shimo-attachment.qbox.me,PossibleBotnetDomain
drapart.org,PossibleBotnetDomain
58.40.122.158,PossibleBotnetDomain
institutobiodelta.com.br,PossibleBotnetDomain
inaothoitrangvinhtuoi.com,PossibleBotnetDomain
s.kk30.com,PossibleBotnetDomain
andrewsiceloff.com,PossibleBotnetDomain
180.177.242.73,PossibleBotnetDomain
www.gessuae.ae,PossibleBotnetDomain
yun-1.lenku.cn,PossibleBotnetDomain
sawitsukses.com,PossibleBotnetDomain
12.178.187.9,PossibleBotnetDomain
186.122.73.201,PossibleBotnetDomain
77.108.122.125,PossibleBotnetDomain
sklepzielarskiszczecinek.pl,PossibleBotnetDomain
creativity360studio.com,PossibleBotnetDomain
58.226.141.44,PossibleBotnetDomain
152.249.225.24,PossibleBotnetDomain
9tindia.com,PossibleBotnetDomain
myofficeplus.com,PossibleBotnetDomain
thealdertons.us,PossibleBotnetDomain
gideons.tech,PossibleBotnetDomain
kitaplasalim.org,PossibleBotnetDomain
glaustudios.com,PossibleBotnetDomain
www.ozlemerdencaylan.com,PossibleBotnetDomain
colegiolosandes.edu.pe,PossibleBotnetDomain
96.65.114.33,PossibleBotnetDomain
93.73.99.102,PossibleBotnetDomain
89.76.238.203,PossibleBotnetDomain
89.216.122.78,PossibleBotnetDomain
82.177.126.97,PossibleBotnetDomain
81.83.205.6,PossibleBotnetDomain
77.71.52.220,PossibleBotnetDomain
66.96.252.2,PossibleBotnetDomain
65.28.45.88,PossibleBotnetDomain
46.99.178.221,PossibleBotnetDomain
203.202.248.237,PossibleBotnetDomain
202.162.199.140,PossibleBotnetDomain
195.182.148.93,PossibleBotnetDomain
190.185.117.61,PossibleBotnetDomain
188.169.229.190,PossibleBotnetDomain
181.49.59.162,PossibleBotnetDomain
181.196.246.202,PossibleBotnetDomain
103.50.4.235,PossibleBotnetDomain
103.237.173.218,PossibleBotnetDomain
91.237.238.242,PossibleBotnetDomain
45.70.58.138,PossibleBotnetDomain
41.180.49.28,PossibleBotnetDomain
36.91.190.115,PossibleBotnetDomain
212.186.128.58,PossibleBotnetDomain
188.243.5.75,PossibleBotnetDomain
103.212.129.27,PossibleBotnetDomain
103.139.219.9,PossibleBotnetDomain
46.20.63.218,PossibleBotnetDomain
37.193.116.116,PossibleBotnetDomain
27.112.67.181,PossibleBotnetDomain
113.11.120.206,PossibleBotnetDomain
109.233.196.232,PossibleBotnetDomain
84.241.16.78,PossibleBotnetDomain
82.177.122.254,PossibleBotnetDomain
46.252.240.78,PossibleBotnetDomain
181.199.26.39,PossibleBotnetDomain
181.112.33.222,PossibleBotnetDomain
103.47.57.199,PossibleBotnetDomain
188.169.229.202,PossibleBotnetDomain
185.136.193.1,PossibleBotnetDomain
176.14.234.5,PossibleBotnetDomain
159.224.74.112,PossibleBotnetDomain
43.252.8.94,PossibleBotnetDomain
36.67.42.193,PossibleBotnetDomain
178.218.22.107,PossibleBotnetDomain
134.236.242.51,PossibleBotnetDomain
91.242.149.158,PossibleBotnetDomain
91.216.149.130,PossibleBotnetDomain
77.79.191.32,PossibleBotnetDomain
41.139.209.46,PossibleBotnetDomain
203.83.167.125,PossibleBotnetDomain
186.47.233.14,PossibleBotnetDomain
186.232.44.86,PossibleBotnetDomain
186.120.84.242,PossibleBotnetDomain
180.178.104.86,PossibleBotnetDomain
12.163.111.91,PossibleBotnetDomain
12.110.214.154,PossibleBotnetDomain
www.thearkarrival.com,PossibleBotnetDomain
76.84.134.33,PossibleBotnetDomain
213.81.136.78,PossibleBotnetDomain
203.76.123.10,PossibleBotnetDomain
181.112.138.154,PossibleBotnetDomain
179.184.114.78,PossibleBotnetDomain
138.117.6.232,PossibleBotnetDomain
36.67.152.161,PossibleBotnetDomain
200.69.74.28,PossibleBotnetDomain
200.107.7.242,PossibleBotnetDomain
186.67.64.84,PossibleBotnetDomain
176.214.78.192,PossibleBotnetDomain
130.185.247.85,PossibleBotnetDomain
115.85.65.211,PossibleBotnetDomain
84.20.68.26,PossibleBotnetDomain
78.8.225.77,PossibleBotnetDomain
70.39.15.94,PossibleBotnetDomain
178.34.183.30,PossibleBotnetDomain
103.255.235.219,PossibleBotnetDomain
212.126.105.118,PossibleBotnetDomain
190.119.207.58,PossibleBotnetDomain
110.172.188.221,PossibleBotnetDomain
62.80.231.196,PossibleBotnetDomain
43.225.251.190,PossibleBotnetDomain
201.234.138.92,PossibleBotnetDomain
200.122.209.118,PossibleBotnetDomain
173.178.157.144,PossibleBotnetDomain
139.5.220.17,PossibleBotnetDomain
82.142.162.10,PossibleBotnetDomain
190.130.32.132,PossibleBotnetDomain
114.79.172.42,PossibleBotnetDomain
49.156.44.62,PossibleBotnetDomain
197.96.148.146,PossibleBotnetDomain
190.0.42.106,PossibleBotnetDomain
12.249.173.210,PossibleBotnetDomain
36.66.190.11,PossibleBotnetDomain
202.4.124.58,PossibleBotnetDomain
181.210.52.210,PossibleBotnetDomain
103.31.47.214,PossibleBotnetDomain
189.91.80.82,PossibleBotnetDomain
95.156.65.14,PossibleBotnetDomain
103.66.198.178,PossibleBotnetDomain
www.carsiorganizasyon.com,PossibleBotnetDomain
181.224.243.120,PossibleBotnetDomain
www.mmtt.co.nz,PossibleBotnetDomain
1.226.176.21,PossibleBotnetDomain
95.170.220.206,PossibleBotnetDomain
202.149.90.98,PossibleBotnetDomain
163.47.145.202,PossibleBotnetDomain
103.42.252.146,PossibleBotnetDomain
103.42.252.130,PossibleBotnetDomain
27.48.138.13,PossibleBotnetDomain
78.69.215.201,PossibleBotnetDomain
77.52.180.138,PossibleBotnetDomain
62.183.37.130,PossibleBotnetDomain
46.236.65.241,PossibleBotnetDomain
45.165.180.249,PossibleBotnetDomain
213.222.159.17,PossibleBotnetDomain
177.128.126.70,PossibleBotnetDomain
corumsuaritma.com,PossibleBotnetDomain
usmlemasters.com,PossibleBotnetDomain
kylemarketing.com,PossibleBotnetDomain
182.160.101.51,PossibleBotnetDomain
82.207.61.194,PossibleBotnetDomain
69.146.30.52,PossibleBotnetDomain
185.136.193.70,PossibleBotnetDomain
79.172.237.8,PossibleBotnetDomain
46.241.120.165,PossibleBotnetDomain
190.130.22.78,PossibleBotnetDomain
103.247.217.147,PossibleBotnetDomain
www.zhizaisifang.com,PossibleBotnetDomain
wyf.org.my,PossibleBotnetDomain
dobrebidlo.cz,PossibleBotnetDomain
www.corumsuaritma.com,PossibleBotnetDomain
carsiorganizasyon.com,PossibleBotnetDomain
89.221.91.234,PossibleBotnetDomain
5.57.133.136,PossibleBotnetDomain
109.185.173.21,PossibleBotnetDomain
5.101.213.234,PossibleBotnetDomain
49.156.39.190,PossibleBotnetDomain
181.129.67.2,PossibleBotnetDomain
45.221.78.166,PossibleBotnetDomain
49.236.213.248,PossibleBotnetDomain
80.107.89.207,PossibleBotnetDomain
190.214.24.194,PossibleBotnetDomain
onlineprojectdemo.net,PossibleBotnetDomain
110.74.209.190,PossibleBotnetDomain
110.34.3.142,PossibleBotnetDomain
49.156.44.134,PossibleBotnetDomain
177.11.92.78,PossibleBotnetDomain
103.139.219.8,PossibleBotnetDomain
210.4.69.22,PossibleBotnetDomain
103.47.239.254,PossibleBotnetDomain
62.162.115.194,PossibleBotnetDomain
191.253.24.14,PossibleBotnetDomain
190.128.135.130,PossibleBotnetDomain
125.209.97.150,PossibleBotnetDomain
asdmonthly.com,PossibleBotnetDomain
www.1cart.in,PossibleBotnetDomain
www.dobrebidlo.cz,PossibleBotnetDomain
pasban.co.nz,PossibleBotnetDomain
cbportal.org,PossibleBotnetDomain
artesaniasdecolombia.com.co,PossibleBotnetDomain
gonouniversity.edu.bd,PossibleBotnetDomain
www.bundlesbyb.com,PossibleBotnetDomain
san-odbor.org,PossibleBotnetDomain
goji-actives.net,PossibleBotnetDomain
members.westnet.com.au,PossibleBotnetDomain
88.199.42.25,PossibleBotnetDomain
5.58.20.148,PossibleBotnetDomain
5.228.23.64,PossibleBotnetDomain
203.80.171.138,PossibleBotnetDomain
189.126.70.222,PossibleBotnetDomain
186.225.120.173,PossibleBotnetDomain
181.210.55.167,PossibleBotnetDomain
178.169.165.90,PossibleBotnetDomain
165.73.60.72,PossibleBotnetDomain
163.53.186.70,PossibleBotnetDomain
114.69.238.107,PossibleBotnetDomain
109.86.85.253,PossibleBotnetDomain
103.49.56.38,PossibleBotnetDomain
103.133.206.220,PossibleBotnetDomain
ooch.co.uk,PossibleBotnetDomain
sanphimhay.net,PossibleBotnetDomain
moscow11.at,PossibleBotnetDomain
98.199.230.127,PossibleBotnetDomain
s2lol.com,PossibleBotnetDomain
link17.by,PossibleBotnetDomain
cloud.s2lol.com,PossibleBotnetDomain
luatminhthuan.com,PossibleBotnetDomain
196.218.202.115,PossibleBotnetDomain
89.215.174.46,PossibleBotnetDomain
37.195.242.147,PossibleBotnetDomain
31.44.54.110,PossibleBotnetDomain
213.16.63.103,PossibleBotnetDomain
195.28.15.110,PossibleBotnetDomain
164.77.147.186,PossibleBotnetDomain
109.248.156.105,PossibleBotnetDomain
96.9.67.10,PossibleBotnetDomain
68.205.122.33,PossibleBotnetDomain
46.109.246.18,PossibleBotnetDomain
216.15.112.251,PossibleBotnetDomain
195.58.16.121,PossibleBotnetDomain
193.95.254.50,PossibleBotnetDomain
190.131.243.218,PossibleBotnetDomain
181.174.34.194,PossibleBotnetDomain
181.143.75.58,PossibleBotnetDomain
178.124.182.187,PossibleBotnetDomain
164.160.141.4,PossibleBotnetDomain
159.224.23.120,PossibleBotnetDomain
1.36.234.199,PossibleBotnetDomain
122.99.100.100,PossibleBotnetDomain
111.68.120.37,PossibleBotnetDomain
103.4.117.26,PossibleBotnetDomain
americanamom.com,PossibleBotnetDomain
95.170.201.34,PossibleBotnetDomain
94.244.113.217,PossibleBotnetDomain
94.198.108.228,PossibleBotnetDomain
82.114.95.186,PossibleBotnetDomain
77.89.203.238,PossibleBotnetDomain
43.230.159.66,PossibleBotnetDomain
212.56.197.230,PossibleBotnetDomain
202.40.177.74,PossibleBotnetDomain
200.85.168.202,PossibleBotnetDomain
200.71.61.222,PossibleBotnetDomain
190.92.4.231,PossibleBotnetDomain
183.87.106.78,PossibleBotnetDomain
178.134.248.74,PossibleBotnetDomain
177.12.156.246,PossibleBotnetDomain
103.47.57.204,PossibleBotnetDomain
95.58.30.10,PossibleBotnetDomain
95.172.45.30,PossibleBotnetDomain
95.170.113.227,PossibleBotnetDomain
95.167.138.250,PossibleBotnetDomain
95.161.150.22,PossibleBotnetDomain
94.182.19.246,PossibleBotnetDomain
92.51.127.94,PossibleBotnetDomain
92.114.191.82,PossibleBotnetDomain
91.244.169.139,PossibleBotnetDomain
91.187.103.32,PossibleBotnetDomain
89.46.237.89,PossibleBotnetDomain
89.215.233.24,PossibleBotnetDomain
85.163.87.21,PossibleBotnetDomain
83.234.147.99,PossibleBotnetDomain
82.211.156.38,PossibleBotnetDomain
81.31.230.250,PossibleBotnetDomain
81.23.187.38,PossibleBotnetDomain
81.16.240.178,PossibleBotnetDomain
81.15.197.40,PossibleBotnetDomain
80.76.236.66,PossibleBotnetDomain
80.55.104.202,PossibleBotnetDomain
80.250.84.118,PossibleBotnetDomain
78.96.154.159,PossibleBotnetDomain
78.84.22.156,PossibleBotnetDomain
70.89.116.46,PossibleBotnetDomain
5.8.208.49,PossibleBotnetDomain
5.22.192.210,PossibleBotnetDomain
45.115.254.154,PossibleBotnetDomain
45.115.253.82,PossibleBotnetDomain
45.114.68.156,PossibleBotnetDomain
43.240.80.66,PossibleBotnetDomain
41.77.175.70,PossibleBotnetDomain
41.219.185.171,PossibleBotnetDomain
41.190.70.238,PossibleBotnetDomain
37.29.67.145,PossibleBotnetDomain
37.17.21.242,PossibleBotnetDomain
36.89.18.133,PossibleBotnetDomain
36.89.108.17,PossibleBotnetDomain
31.172.177.148,PossibleBotnetDomain
27.3.122.71,PossibleBotnetDomain
24.135.173.90,PossibleBotnetDomain
219.91.165.154,PossibleBotnetDomain
218.255.247.58,PossibleBotnetDomain
217.26.162.115,PossibleBotnetDomain
217.145.193.216,PossibleBotnetDomain
216.36.12.98,PossibleBotnetDomain
213.27.8.6,PossibleBotnetDomain
213.157.39.242,PossibleBotnetDomain
213.108.116.120,PossibleBotnetDomain
212.46.197.114,PossibleBotnetDomain
212.126.125.226,PossibleBotnetDomain
212.106.159.124,PossibleBotnetDomain
208.163.58.18,PossibleBotnetDomain
206.201.0.41,PossibleBotnetDomain
203.80.171.149,PossibleBotnetDomain
203.202.246.246,PossibleBotnetDomain
203.193.173.179,PossibleBotnetDomain
203.193.156.43,PossibleBotnetDomain
203.188.242.148,PossibleBotnetDomain
203.130.214.235,PossibleBotnetDomain
202.74.236.9,PossibleBotnetDomain
202.51.176.114,PossibleBotnetDomain
201.160.78.20,PossibleBotnetDomain
200.30.132.50,PossibleBotnetDomain
200.122.209.122,PossibleBotnetDomain
200.105.167.98,PossibleBotnetDomain
197.254.84.218,PossibleBotnetDomain
197.157.217.58,PossibleBotnetDomain
192.176.49.35,PossibleBotnetDomain
190.185.119.13,PossibleBotnetDomain
190.130.15.212,PossibleBotnetDomain
189.127.33.22,PossibleBotnetDomain
188.242.242.144,PossibleBotnetDomain
188.240.46.100,PossibleBotnetDomain
188.169.178.50,PossibleBotnetDomain
187.76.62.90,PossibleBotnetDomain
187.12.151.166,PossibleBotnetDomain
186.208.106.34,PossibleBotnetDomain
185.227.64.59,PossibleBotnetDomain
185.171.52.238,PossibleBotnetDomain
185.129.192.63,PossibleBotnetDomain
181.224.243.167,PossibleBotnetDomain
179.108.246.163,PossibleBotnetDomain
178.151.143.2,PossibleBotnetDomain
178.150.54.4,PossibleBotnetDomain
177.125.227.85,PossibleBotnetDomain
176.196.224.246,PossibleBotnetDomain
174.2.176.60,PossibleBotnetDomain
159.255.165.210,PossibleBotnetDomain
158.174.218.196,PossibleBotnetDomain
147.91.212.250,PossibleBotnetDomain
144.139.171.97,PossibleBotnetDomain
14.102.17.222,PossibleBotnetDomain
1.220.9.68,PossibleBotnetDomain
121.66.36.138,PossibleBotnetDomain
113.11.95.254,PossibleBotnetDomain
109.167.226.84,PossibleBotnetDomain
106.242.20.219,PossibleBotnetDomain
103.93.178.236,PossibleBotnetDomain
103.76.20.197,PossibleBotnetDomain
103.210.31.84,PossibleBotnetDomain
102.176.161.4,PossibleBotnetDomain
102.141.240.139,PossibleBotnetDomain
101.255.54.38,PossibleBotnetDomain
1.247.221.141,PossibleBotnetDomain
94.127.219.90,PossibleBotnetDomain
91.187.119.26,PossibleBotnetDomain
89.40.87.5,PossibleBotnetDomain
41.211.112.82,PossibleBotnetDomain
213.92.198.8,PossibleBotnetDomain
202.74.242.143,PossibleBotnetDomain
200.111.189.70,PossibleBotnetDomain
171.100.2.234,PossibleBotnetDomain
14.141.80.58,PossibleBotnetDomain
49.156.35.166,PossibleBotnetDomain
43.228.221.141,PossibleBotnetDomain
177.8.63.8,PossibleBotnetDomain
177.46.86.65,PossibleBotnetDomain
177.23.184.117,PossibleBotnetDomain
109.167.200.82,PossibleBotnetDomain
94.154.82.190,PossibleBotnetDomain
62.69.241.72,PossibleBotnetDomain
203.202.245.77,PossibleBotnetDomain
202.191.124.185,PossibleBotnetDomain
185.94.172.29,PossibleBotnetDomain
103.73.166.69,PossibleBotnetDomain
93.77.112.130,PossibleBotnetDomain
92.241.143.9,PossibleBotnetDomain
91.221.177.94,PossibleBotnetDomain
91.191.32.34,PossibleBotnetDomain
82.197.242.52,PossibleBotnetDomain
77.46.163.158,PossibleBotnetDomain
36.67.52.241,PossibleBotnetDomain
213.215.85.141,PossibleBotnetDomain
194.44.176.157,PossibleBotnetDomain
191.102.123.132,PossibleBotnetDomain
190.92.82.126,PossibleBotnetDomain
186.227.145.138,PossibleBotnetDomain
181.143.100.218,PossibleBotnetDomain
178.134.136.138,PossibleBotnetDomain
177.38.2.133,PossibleBotnetDomain
123.200.4.142,PossibleBotnetDomain
119.252.171.222,PossibleBotnetDomain
119.2.48.159,PossibleBotnetDomain
69.59.193.64,PossibleBotnetDomain
36.66.133.125,PossibleBotnetDomain
194.187.149.17,PossibleBotnetDomain
190.96.89.210,PossibleBotnetDomain
125.209.71.6,PossibleBotnetDomain
83.253.194.147,PossibleBotnetDomain
46.39.255.148,PossibleBotnetDomain
43.228.221.189,PossibleBotnetDomain
213.161.105.254,PossibleBotnetDomain
195.175.204.58,PossibleBotnetDomain
190.92.46.42,PossibleBotnetDomain
190.12.4.98,PossibleBotnetDomain
103.219.112.66,PossibleBotnetDomain
95.210.1.42,PossibleBotnetDomain
93.185.10.131,PossibleBotnetDomain
85.238.105.94,PossibleBotnetDomain
69.146.232.34,PossibleBotnetDomain
62.82.172.42,PossibleBotnetDomain
62.1.98.131,PossibleBotnetDomain
46.161.185.15,PossibleBotnetDomain
41.190.63.174,PossibleBotnetDomain
223.150.8.208,PossibleBotnetDomain
190.214.52.142,PossibleBotnetDomain
190.214.31.174,PossibleBotnetDomain
190.187.55.150,PossibleBotnetDomain
182.75.80.150,PossibleBotnetDomain
181.177.141.168,PossibleBotnetDomain
178.134.61.94,PossibleBotnetDomain
141.0.178.134,PossibleBotnetDomain
119.159.224.154,PossibleBotnetDomain
109.86.168.132,PossibleBotnetDomain
103.195.37.243,PossibleBotnetDomain
101.78.18.142,PossibleBotnetDomain
95.80.77.4,PossibleBotnetDomain
63.78.214.55,PossibleBotnetDomain
62.122.102.236,PossibleBotnetDomain
203.115.102.243,PossibleBotnetDomain
202.79.46.30,PossibleBotnetDomain
191.8.80.207,PossibleBotnetDomain
185.136.193.66,PossibleBotnetDomain
181.193.107.10,PossibleBotnetDomain
109.172.56.202,PossibleBotnetDomain
198.98.48.74,PossibleBotnetDomain
31.13.23.180,PossibleBotnetDomain
95.167.71.245,PossibleBotnetDomain
93.77.52.138,PossibleBotnetDomain
92.55.124.64,PossibleBotnetDomain
91.235.102.179,PossibleBotnetDomain
91.211.53.120,PossibleBotnetDomain
91.150.175.122,PossibleBotnetDomain
89.237.15.72,PossibleBotnetDomain
89.189.184.225,PossibleBotnetDomain
89.121.207.186,PossibleBotnetDomain
87.249.204.194,PossibleBotnetDomain
86.63.78.214,PossibleBotnetDomain
83.234.218.42,PossibleBotnetDomain
83.234.147.166,PossibleBotnetDomain
82.135.196.130,PossibleBotnetDomain
81.5.101.25,PossibleBotnetDomain
81.32.34.20,PossibleBotnetDomain
81.201.63.40,PossibleBotnetDomain
79.8.70.162,PossibleBotnetDomain
78.69.48.163,PossibleBotnetDomain
77.120.85.182,PossibleBotnetDomain
62.140.224.186,PossibleBotnetDomain
5.128.62.127,PossibleBotnetDomain
46.236.65.83,PossibleBotnetDomain
43.228.220.233,PossibleBotnetDomain
41.72.203.82,PossibleBotnetDomain
37.54.14.36,PossibleBotnetDomain
37.157.202.227,PossibleBotnetDomain
36.92.111.247,PossibleBotnetDomain
36.89.238.91,PossibleBotnetDomain
31.202.44.222,PossibleBotnetDomain
31.179.217.139,PossibleBotnetDomain
31.179.201.26,PossibleBotnetDomain
217.219.70.157,PossibleBotnetDomain
213.81.178.115,PossibleBotnetDomain
213.6.162.106,PossibleBotnetDomain
213.241.10.110,PossibleBotnetDomain
209.45.49.177,PossibleBotnetDomain
203.82.36.34,PossibleBotnetDomain
203.202.243.233,PossibleBotnetDomain
203.129.254.50,PossibleBotnetDomain
203.112.79.66,PossibleBotnetDomain
202.70.82.221,PossibleBotnetDomain
202.148.23.114,PossibleBotnetDomain
197.155.66.202,PossibleBotnetDomain
194.152.35.139,PossibleBotnetDomain
192.162.194.132,PossibleBotnetDomain
190.171.217.250,PossibleBotnetDomain
190.128.153.54,PossibleBotnetDomain
190.109.178.199,PossibleBotnetDomain
181.49.10.194,PossibleBotnetDomain
181.40.117.138,PossibleBotnetDomain
181.143.60.163,PossibleBotnetDomain
181.112.218.238,PossibleBotnetDomain
180.250.174.42,PossibleBotnetDomain
180.248.80.38,PossibleBotnetDomain
179.127.180.9,PossibleBotnetDomain
178.73.6.110,PossibleBotnetDomain
178.22.117.102,PossibleBotnetDomain
178.19.183.14,PossibleBotnetDomain
176.193.38.90,PossibleBotnetDomain
176.12.117.70,PossibleBotnetDomain
176.120.189.131,PossibleBotnetDomain
125.18.28.170,PossibleBotnetDomain
122.50.6.36,PossibleBotnetDomain
118.151.220.206,PossibleBotnetDomain
111.90.187.162,PossibleBotnetDomain
109.88.185.119,PossibleBotnetDomain
109.235.7.228,PossibleBotnetDomain
109.124.90.229,PossibleBotnetDomain
103.79.112.254,PossibleBotnetDomain
103.245.205.30,PossibleBotnetDomain
103.240.249.121,PossibleBotnetDomain
103.204.168.34,PossibleBotnetDomain
101.255.36.154,PossibleBotnetDomain
5.19.4.15,PossibleBotnetDomain
82.103.108.72,PossibleBotnetDomain
72.214.98.188,PossibleBotnetDomain
201.206.131.10,PossibleBotnetDomain
193.86.186.162,PossibleBotnetDomain
190.110.161.252,PossibleBotnetDomain
181.114.101.85,PossibleBotnetDomain
179.60.84.7,PossibleBotnetDomain
177.152.139.214,PossibleBotnetDomain
103.95.124.90,PossibleBotnetDomain
103.221.254.130,PossibleBotnetDomain
84.92.231.106,PossibleBotnetDomain
5.101.196.90,PossibleBotnetDomain
45.177.144.87,PossibleBotnetDomain
27.112.67.182,PossibleBotnetDomain
181.210.45.42,PossibleBotnetDomain
181.129.9.58,PossibleBotnetDomain
85.187.241.2,PossibleBotnetDomain
217.195.108.129,PossibleBotnetDomain
94.64.246.247,PossibleBotnetDomain
93.93.62.183,PossibleBotnetDomain
62.76.13.51,PossibleBotnetDomain
181.143.70.37,PossibleBotnetDomain
181.111.233.18,PossibleBotnetDomain
178.134.141.166,PossibleBotnetDomain
177.185.159.250,PossibleBotnetDomain
50.241.148.97,PossibleBotnetDomain
191.7.136.37,PossibleBotnetDomain
190.144.96.181,PossibleBotnetDomain
112.78.45.158,PossibleBotnetDomain
49.156.35.118,PossibleBotnetDomain
203.173.93.16,PossibleBotnetDomain
190.186.56.84,PossibleBotnetDomain
181.112.218.6,PossibleBotnetDomain
177.72.2.186,PossibleBotnetDomain
74.113.230.55,PossibleBotnetDomain
180.178.96.214,PossibleBotnetDomain
168.121.239.172,PossibleBotnetDomain
139.255.24.243,PossibleBotnetDomain
116.206.164.46,PossibleBotnetDomain
94.139.114.94,PossibleBotnetDomain
88.220.80.210,PossibleBotnetDomain
118.137.250.149,PossibleBotnetDomain
36.89.45.143,PossibleBotnetDomain
119.40.83.210,PossibleBotnetDomain
92.126.239.46,PossibleBotnetDomain
91.113.201.90,PossibleBotnetDomain
89.22.152.244,PossibleBotnetDomain
78.45.143.85,PossibleBotnetDomain
62.201.230.43,PossibleBotnetDomain
217.73.133.115,PossibleBotnetDomain
196.202.194.133,PossibleBotnetDomain
178.140.45.93,PossibleBotnetDomain
41.67.137.162,PossibleBotnetDomain
81.30.214.88,PossibleBotnetDomain
46.36.74.43,PossibleBotnetDomain
202.51.191.174,PossibleBotnetDomain
190.99.117.10,PossibleBotnetDomain
185.173.206.181,PossibleBotnetDomain
185.10.165.62,PossibleBotnetDomain
181.210.91.171,PossibleBotnetDomain
92.241.78.114,PossibleBotnetDomain
37.113.131.172,PossibleBotnetDomain
109.72.52.243,PossibleBotnetDomain
88.203.174.217,PossibleBotnetDomain
190.12.99.194,PossibleBotnetDomain
186.103.133.90,PossibleBotnetDomain
103.245.199.222,PossibleBotnetDomain
103.230.62.146,PossibleBotnetDomain
95.31.224.60,PossibleBotnetDomain
89.212.26.230,PossibleBotnetDomain
88.102.33.14,PossibleBotnetDomain
36.89.133.67,PossibleBotnetDomain
217.11.75.162,PossibleBotnetDomain
202.166.206.80,PossibleBotnetDomain
182.160.98.250,PossibleBotnetDomain
110.34.28.113,PossibleBotnetDomain
103.80.210.9,PossibleBotnetDomain
24.125.111.0,PossibleBotnetDomain
88.214.17.91,PossibleBotnetDomain
82.204.243.178,PossibleBotnetDomain
50.81.109.60,PossibleBotnetDomain
195.24.94.187,PossibleBotnetDomain
200.68.67.93,PossibleBotnetDomain
193.228.135.144,PossibleBotnetDomain
190.57.132.238,PossibleBotnetDomain
186.42.255.230,PossibleBotnetDomain
185.12.78.161,PossibleBotnetDomain
178.72.159.254,PossibleBotnetDomain
190.181.4.182,PossibleBotnetDomain
jkmotorimport.com,PossibleBotnetDomain
138.219.104.131,PossibleBotnetDomain
sinastorage.cn,PossibleBotnetDomain
thuvienphim.net,PossibleBotnetDomain
88.225.222.128,PossibleBotnetDomain
gitlab.com,PossibleBotnetDomain
www.taron.de,PossibleBotnetDomain
taron.de,PossibleBotnetDomain
www.aserviz.bg,PossibleBotnetDomain
ecareph.org,PossibleBotnetDomain
www.thc-annex.com,PossibleBotnetDomain
dilandilan.com,PossibleBotnetDomain
62.90.219.154,PossibleBotnetDomain
islandbienesraices.com,PossibleBotnetDomain
23.122.183.241,PossibleBotnetDomain
skylinecleaning.co.uk,PossibleBotnetDomain
www.dilandilan.com,PossibleBotnetDomain
222.98.197.136,PossibleBotnetDomain
tumso.org,PossibleBotnetDomain
inokim.kz,PossibleBotnetDomain
www.upgradefile.com,PossibleBotnetDomain
194.0.157.1,PossibleBotnetDomain
feed.tetratechsol.com,PossibleBotnetDomain
47.148.110.175,PossibleBotnetDomain
globedigitalmedia.com,PossibleBotnetDomain
vitality.equivida.com,PossibleBotnetDomain
c32.19aq.com,PossibleBotnetDomain
every-day-sale.com,PossibleBotnetDomain
arbuzios-com-br.umbler.net,PossibleBotnetDomain
www.mobiadnews.com,PossibleBotnetDomain
212.237.11.112,PossibleBotnetDomain
69.203.68.243,PossibleBotnetDomain
121.182.43.88,PossibleBotnetDomain
24.54.106.17,PossibleBotnetDomain
203.198.246.160,PossibleBotnetDomain
mhkdhotbot80.myvnc.com,PossibleBotnetDomain
103.92.25.90,PossibleBotnetDomain
192.3.244.227,PossibleBotnetDomain
mhkdhotbot.myvnc.com,PossibleBotnetDomain
servicemhkd.myvnc.com,PossibleBotnetDomain
49parallel.ca,PossibleBotnetDomain
bugtracker.meerai.io,PossibleBotnetDomain
vainlatestsysadmin--aidan1234567898.repl.co,PossibleBotnetDomain
118.233.39.9,PossibleBotnetDomain
sergiofsilva.com.br,PossibleBotnetDomain
frin.ng,PossibleBotnetDomain
blog.hanxe.com,PossibleBotnetDomain
proxysis.com.br,PossibleBotnetDomain
kk-insig.org,PossibleBotnetDomain
autoservey.com,PossibleBotnetDomain
owncloud.meerai.io,PossibleBotnetDomain
project.meerai.eu,PossibleBotnetDomain
jirafeu.meerai.eu,PossibleBotnetDomain
kanboard.meerai.io,PossibleBotnetDomain
hrp.meerai.eu,PossibleBotnetDomain
meerai.io,PossibleBotnetDomain
matomo.meerai.eu,PossibleBotnetDomain
michaelkensy.de,PossibleBotnetDomain
moonlight-ent.com,PossibleBotnetDomain
theprestige.ro,PossibleBotnetDomain
www.varese7press.it,PossibleBotnetDomain
www.financiallypoor.com,PossibleBotnetDomain
ic24.lt,PossibleBotnetDomain
telsiai.info,PossibleBotnetDomain
mashhadskechers.com,PossibleBotnetDomain
nprg.ru,PossibleBotnetDomain
incrediblepixels.com,PossibleBotnetDomain
86.35.43.220,PossibleBotnetDomain
14.49.212.151,PossibleBotnetDomain
wwmariners.com,PossibleBotnetDomain
mirtepla05.ru,PossibleBotnetDomain
gamemechanics.com,PossibleBotnetDomain
61.56.182.218,PossibleBotnetDomain
grupoeq.com,PossibleBotnetDomain
endofhisrope.net,PossibleBotnetDomain
nfbio.com,PossibleBotnetDomain
tatildomaini.com,PossibleBotnetDomain
albertmarashistudio.com,PossibleBotnetDomain
sanabeltours.com,PossibleBotnetDomain
dp4kb.magelangkota.go.id,PossibleBotnetDomain
besttasimacilik.com.tr,PossibleBotnetDomain
108.190.31.236,PossibleBotnetDomain
sdorf.com.br,PossibleBotnetDomain
share.meerai.eu,PossibleBotnetDomain
ekerisiltihaliyikama.com,PossibleBotnetDomain
211.179.143.199,PossibleBotnetDomain
80.210.19.69,PossibleBotnetDomain
newabidgoods.com,PossibleBotnetDomain
instagram.meerai.eu,PossibleBotnetDomain
off-cloud.com,PossibleBotnetDomain
womenempowermentpakistan.com,PossibleBotnetDomain
status.delivup.com,PossibleBotnetDomain
guth3.com,PossibleBotnetDomain
config.cqmjkjzx.com,PossibleBotnetDomain
82.81.9.62,PossibleBotnetDomain
112.74.42.175,PossibleBotnetDomain
188.14.195.104,PossibleBotnetDomain
183.100.109.156,PossibleBotnetDomain
196.218.53.68,PossibleBotnetDomain
zsinstrument.com,PossibleBotnetDomain
www.anandpen.com,PossibleBotnetDomain
211.230.109.58,PossibleBotnetDomain
globaleuropeans.com,PossibleBotnetDomain
dreamtrips.cheap,PossibleBotnetDomain
www.stats.gov.cn,PossibleBotnetDomain
alleducationzone.com,PossibleBotnetDomain
news.abfakerman.ir,PossibleBotnetDomain
98.113.194.167,PossibleBotnetDomain
218.159.238.10,PossibleBotnetDomain
37.142.138.126,PossibleBotnetDomain
202.133.193.81,PossibleBotnetDomain
203.70.166.107,PossibleBotnetDomain
128.65.187.123,PossibleBotnetDomain
118.40.183.176,PossibleBotnetDomain
198.12.76.151,PossibleBotnetDomain
46.36.36.96,PossibleBotnetDomain
201.46.27.101,PossibleBotnetDomain
88.201.34.243,PossibleBotnetDomain
71.11.83.76,PossibleBotnetDomain
marketprice.com.ng,PossibleBotnetDomain
pastebin.com,PossibleBotnetDomain
185.172.110.243,PossibleBotnetDomain
157.230.216.48,PossibleBotnetDomain
rollscar.pk,PossibleBotnetDomain
down.xrpdf.com,PossibleBotnetDomain
hypnosesucces.com,PossibleBotnetDomain
www.handrush.com,PossibleBotnetDomain
download301.wanmei.com,PossibleBotnetDomain
www.tanguear.it,PossibleBotnetDomain
107.173.2.141,PossibleBotnetDomain
14.46.70.54,PossibleBotnetDomain
update.strds.ru,PossibleBotnetDomain
116.206.177.144,PossibleBotnetDomain
www.cyclomove.com,PossibleBotnetDomain
www.mywp.asia,PossibleBotnetDomain
ideadom.pl,PossibleBotnetDomain
175.158.62.175,PossibleBotnetDomain
src1.minibai.com,PossibleBotnetDomain
baseballdirectory.info,PossibleBotnetDomain
ezfintechcorp.com,PossibleBotnetDomain
tunggalmandiri.com,PossibleBotnetDomain
ddl7.data.hu,PossibleBotnetDomain
tool.icafeads.com,PossibleBotnetDomain
sabiupd.compress.to,PossibleBotnetDomain
cegarraabogados.com,PossibleBotnetDomain
speed.myz.info,PossibleBotnetDomain
code-cheats.8u.cz,PossibleBotnetDomain
mirror.mypage.sk,PossibleBotnetDomain
smconstruction.com.bd,PossibleBotnetDomain
entre-potes.mon-application.com,PossibleBotnetDomain
o-oclock.com,PossibleBotnetDomain
propremiere.com,PossibleBotnetDomain
splouf.mon-application.com,PossibleBotnetDomain
bienplaceparis.mon-application.com,PossibleBotnetDomain
p500.mon-application.com,PossibleBotnetDomain
aa22.mon-application.com,PossibleBotnetDomain
entre-pote.mon-application.com,PossibleBotnetDomain
jplymell.com,PossibleBotnetDomain
manjoero.nl,PossibleBotnetDomain
download.pdf00.cn,PossibleBotnetDomain
www.cellas.sk,PossibleBotnetDomain
177.21.214.252,PossibleBotnetDomain
154.222.140.49,PossibleBotnetDomain
91.98.229.33,PossibleBotnetDomain
rubind.files.wordpress.com,PossibleBotnetDomain
14.55.116.41,PossibleBotnetDomain
www.konsor.ru,PossibleBotnetDomain
konsor.ru,PossibleBotnetDomain
download.kaobeitu.com,PossibleBotnetDomain
52.163.201.250,PossibleBotnetDomain
fkd.derpcity.ru,PossibleBotnetDomain
www.assogasmetano.it,PossibleBotnetDomain
www.datapolish.com,PossibleBotnetDomain
selvikoyunciftligi.com,PossibleBotnetDomain
tracking.officesupplybusiness.club,PossibleBotnetDomain
bookyeti.com,PossibleBotnetDomain
go.xsuad.com,PossibleBotnetDomain
qmsled.com,PossibleBotnetDomain
neu.x-sait.de,PossibleBotnetDomain
www.enc-tech.com,PossibleBotnetDomain
neocity1.free.fr,PossibleBotnetDomain
habbotips.free.fr,PossibleBotnetDomain
complan.hu,PossibleBotnetDomain
www.pedidoslalacteo.com.ar,PossibleBotnetDomain
anonymousfiles.io,PossibleBotnetDomain
75.3.198.176,PossibleBotnetDomain
www.stopcityloop.org,PossibleBotnetDomain
72.69.204.59,PossibleBotnetDomain
99.121.0.96,PossibleBotnetDomain
download.doumaibiji.cn,PossibleBotnetDomain
caseriolevante.com,PossibleBotnetDomain
creative-show-solutions.de,PossibleBotnetDomain
marquardtsolutions.de,PossibleBotnetDomain
aznetsolutions.com,PossibleBotnetDomain
77.192.123.83,PossibleBotnetDomain
asiluxury.com,PossibleBotnetDomain
sscanlian.com,PossibleBotnetDomain
bamakobleach.free.fr,PossibleBotnetDomain
videoswebcammsn.free.fr,PossibleBotnetDomain
g0ogle.free.fr,PossibleBotnetDomain
dlist.iqilie.com,PossibleBotnetDomain
www.donmago.com,PossibleBotnetDomain
trabalhonovo.webcindario.com,PossibleBotnetDomain
gulfup.me,PossibleBotnetDomain
pack301.bravepages.com,PossibleBotnetDomain
patch.samia.red,PossibleBotnetDomain
2.indexsinas.me,PossibleBotnetDomain
zjjcmspublic.oss-cn-hangzhou.aliyuncs.com,PossibleBotnetDomain
www.opolis.io,PossibleBotnetDomain
213.97.24.164,PossibleBotnetDomain
190.95.76.212,PossibleBotnetDomain
31.44.184.33,PossibleBotnetDomain
renovation-software.com,PossibleBotnetDomain
serviceportal.goliska.se,PossibleBotnetDomain
45.76.37.123,PossibleBotnetDomain
raifix.com.br,PossibleBotnetDomain
tehrenberg.com,PossibleBotnetDomain
redesoftdownload.info,PossibleBotnetDomain
koralli.if.ua,PossibleBotnetDomain
avmiletisim.com,PossibleBotnetDomain
kehuduan.in,PossibleBotnetDomain
www.quartier-midi.be,PossibleBotnetDomain
pcsoori.com,PossibleBotnetDomain
aite.me,PossibleBotnetDomain
hurtleship.com,PossibleBotnetDomain
biosigntechnology.in,PossibleBotnetDomain
fastsoft.onlinedown.net,PossibleBotnetDomain
dpeasesummithilltoppers.pbworks.com,PossibleBotnetDomain
yesky.51down.org.cn,PossibleBotnetDomain
members.chello.nl,PossibleBotnetDomain
electladyproductions.com,PossibleBotnetDomain
agencjat3.pl,PossibleBotnetDomain
alphaconsumer.net,PossibleBotnetDomain
ard-drive.co.uk,PossibleBotnetDomain
daltrocoutinho.com.br,PossibleBotnetDomain
pitbullcreative.net,PossibleBotnetDomain
albatroztravel.com,PossibleBotnetDomain
southerntrailsexpeditions.com,PossibleBotnetDomain
185.172.110.230,PossibleBotnetDomain
sjhoops.com,PossibleBotnetDomain
ph4s.ru,PossibleBotnetDomain
teardrop-productions.ro,PossibleBotnetDomain
platinumfm.com.my,PossibleBotnetDomain
susaati.net,PossibleBotnetDomain
www.hseda.com,PossibleBotnetDomain
www.websound.ru,PossibleBotnetDomain
edicolanazionale.it,PossibleBotnetDomain
websound.ru,PossibleBotnetDomain
netranking.at,PossibleBotnetDomain
pcsafor.com,PossibleBotnetDomain
onestin.ro,PossibleBotnetDomain
ovelcom.com,PossibleBotnetDomain
hseda.com,PossibleBotnetDomain
warriorllc.com,PossibleBotnetDomain
faal-furniture.co,PossibleBotnetDomain
tonydong.com,PossibleBotnetDomain
kanisya.com,PossibleBotnetDomain
observatoriodagastronomia.com.br,PossibleBotnetDomain
www.sisdata.it,PossibleBotnetDomain
sisdata.it,PossibleBotnetDomain
www.moyo.co.kr,PossibleBotnetDomain
www.ufologia.com,PossibleBotnetDomain
moyo.co.kr,PossibleBotnetDomain
81.184.88.173,PossibleBotnetDomain
web.tiscali.it,PossibleBotnetDomain
parrocchiebotticino.it,PossibleBotnetDomain
www.sanlen.com,PossibleBotnetDomain
lt02.datacomspecialists.net,PossibleBotnetDomain
www.plechotice.sk,PossibleBotnetDomain
unicorpbrunei.com,PossibleBotnetDomain
sarmsoft.com,PossibleBotnetDomain
www.sarmsoft.com,PossibleBotnetDomain
kruwan.com,PossibleBotnetDomain
sanlen.com,PossibleBotnetDomain
t.honker.info,PossibleBotnetDomain
89.122.255.52,PossibleBotnetDomain
matt-e.it,PossibleBotnetDomain
www.tafa.pxlcorp.com,PossibleBotnetDomain
wordpresscoders.com,PossibleBotnetDomain
ctgnews24.cf,PossibleBotnetDomain
blakebyblake.com,PossibleBotnetDomain
christophdemon.com,PossibleBotnetDomain
blackphoenixdigital.co,PossibleBotnetDomain
napthecao.top,PossibleBotnetDomain
doolaekhun.com,PossibleBotnetDomain
central.maven.org,PossibleBotnetDomain
politgroup.top,PossibleBotnetDomain
nerve.untergrund.net,PossibleBotnetDomain
chiptune.com,PossibleBotnetDomain
laser-siepraw.pl,PossibleBotnetDomain
190.146.192.238,PossibleBotnetDomain
lethalvapor.com,PossibleBotnetDomain
sixforty.de,PossibleBotnetDomain
autopozicovna.tatrycarsrent.sk,PossibleBotnetDomain
scglobal.co.th,PossibleBotnetDomain
derivativespro.in,PossibleBotnetDomain
autelite.com,PossibleBotnetDomain
download.qiangxm.com,PossibleBotnetDomain
injazsupport.org,PossibleBotnetDomain
markantic.com,PossibleBotnetDomain
81.218.196.175,PossibleBotnetDomain
agroborobudur.com,PossibleBotnetDomain
greencampus.uho.ac.id,PossibleBotnetDomain
nebraskacharters.com.au,PossibleBotnetDomain
margaritka37.ru,PossibleBotnetDomain
31.168.194.67,PossibleBotnetDomain
cityhomes.lk,PossibleBotnetDomain
clorent.com,PossibleBotnetDomain
download.skycn.com,PossibleBotnetDomain
ccnn.xiaomier.cn,PossibleBotnetDomain
congnghexanhtn.vn,PossibleBotnetDomain
d2.udashi.com,PossibleBotnetDomain
cf.uuu9.com,PossibleBotnetDomain
deviwijiyanti.web.id,PossibleBotnetDomain
supervinco.com.br,PossibleBotnetDomain
61.82.215.186,PossibleBotnetDomain
86.107.163.98,PossibleBotnetDomain
91.215.126.208,PossibleBotnetDomain
178.208.241.152,PossibleBotnetDomain
91.83.230.239,PossibleBotnetDomain
172.84.255.201,PossibleBotnetDomain
logicielsperrenoud.fr,PossibleBotnetDomain
indoorpublicidade.com.br,PossibleBotnetDomain
newindianews.net,PossibleBotnetDomain
nofy-nosybe.com,PossibleBotnetDomain
download.weihuyun.cn,PossibleBotnetDomain
down.icafe8.com,PossibleBotnetDomain
50.78.36.243,PossibleBotnetDomain
86.106.215.232,PossibleBotnetDomain
84.197.14.92,PossibleBotnetDomain
178.210.245.61,PossibleBotnetDomain
goodmusicapps.com,PossibleBotnetDomain
tukode.com,PossibleBotnetDomain
186.179.243.45,PossibleBotnetDomain
mmadamechic.meushop.com,PossibleBotnetDomain
86.106.215.226,PossibleBotnetDomain
www.mmc.ru.com,PossibleBotnetDomain
www.gov.kr,PossibleBotnetDomain
68.129.32.96,PossibleBotnetDomain
212.93.154.120,PossibleBotnetDomain
ibleather.com,PossibleBotnetDomain
cooperminio.com.br,PossibleBotnetDomain
mmc.ru.com,PossibleBotnetDomain
www.skr0.net,PossibleBotnetDomain
marmarisbufeimalat.com.tr,PossibleBotnetDomain
mvid.com,PossibleBotnetDomain
futuregraphics.com.ar,PossibleBotnetDomain
gemabrasil.com,PossibleBotnetDomain
uniquehall.net,PossibleBotnetDomain
andreelapeyre.com,PossibleBotnetDomain
mukunth.com,PossibleBotnetDomain
zonefound.com.cn,PossibleBotnetDomain
zuev.biz,PossibleBotnetDomain
ozkayalar.com,PossibleBotnetDomain
optimumenergytech.com,PossibleBotnetDomain
depot7.com,PossibleBotnetDomain
decorexpert-arte.com,PossibleBotnetDomain
csw.hu,PossibleBotnetDomain
phikunprogramming.com,PossibleBotnetDomain
jpt.kz,PossibleBotnetDomain
adagioradio.es,PossibleBotnetDomain
tibok.lflink.com,PossibleBotnetDomain
images2.imgbox.com,PossibleBotnetDomain
welcometothefuture.com,PossibleBotnetDomain
obnova.zzux.com,PossibleBotnetDomain
alexwacker.com,PossibleBotnetDomain
consultingcy.com,PossibleBotnetDomain
hagebakken.no,PossibleBotnetDomain
nguyenlieuthuoc.com,PossibleBotnetDomain
vcube-vvp.com,PossibleBotnetDomain
yeez.net,PossibleBotnetDomain
esteteam.org,PossibleBotnetDomain
81.213.141.47,PossibleBotnetDomain
coworking.vn,PossibleBotnetDomain
buysellfx24.ru,PossibleBotnetDomain
www.guth3.com,PossibleBotnetDomain
luisnacht.com.ar,PossibleBotnetDomain
ash368.com,PossibleBotnetDomain
66.154.71.9,PossibleBotnetDomain
sdfdsd.kuai-go.com,PossibleBotnetDomain
ds.kuai-go.com,PossibleBotnetDomain
144.kuai-go.com,PossibleBotnetDomain
w.kuai-go.com,PossibleBotnetDomain
3.zhzy999.net,PossibleBotnetDomain
maindb.ir,PossibleBotnetDomain
62.210.144.185,PossibleBotnetDomain
45.50.228.207,PossibleBotnetDomain
down.upzxt.com,PossibleBotnetDomain
sweaty.dk,PossibleBotnetDomain
maxology.co.za,PossibleBotnetDomain
update-res.100public.com,PossibleBotnetDomain
www.protectiadatelor.biz,PossibleBotnetDomain
chalesmontanha.com,PossibleBotnetDomain
lists.mplayerhq.hu,PossibleBotnetDomain
blogvanphongpham.com,PossibleBotnetDomain
currencyexchanger.com.ng,PossibleBotnetDomain
bhungar.com,PossibleBotnetDomain
rinkaisystem-ht.com,PossibleBotnetDomain
46.47.106.63,PossibleBotnetDomain
173.247.239.186,PossibleBotnetDomain
csnserver.com,PossibleBotnetDomain
jycingenieria.cl,PossibleBotnetDomain
31.132.152.49,PossibleBotnetDomain
recep.me,PossibleBotnetDomain
msecurity.ro,PossibleBotnetDomain
traveltoursmachupicchuperu.com,PossibleBotnetDomain
73.124.2.112,PossibleBotnetDomain
210.76.64.46,PossibleBotnetDomain
www.lamonzz.com,PossibleBotnetDomain
onino.co,PossibleBotnetDomain
cyzic.co.kr,PossibleBotnetDomain
www.megawindbrasil.com.br,PossibleBotnetDomain
linkmaxbd.com,PossibleBotnetDomain
babaroadways.in,PossibleBotnetDomain
banzaimonkey.com,PossibleBotnetDomain
fishingbigstore.com,PossibleBotnetDomain
jvalert.com,PossibleBotnetDomain
animalclub.co,PossibleBotnetDomain
mansanz.es,PossibleBotnetDomain
31.211.152.50,PossibleBotnetDomain
31.27.128.108,PossibleBotnetDomain
simlun.com.ar,PossibleBotnetDomain
27.238.33.39,PossibleBotnetDomain
adsvive.com,PossibleBotnetDomain
46.97.76.242,PossibleBotnetDomain
dfgfgw.kuai-go.com,PossibleBotnetDomain
wahegurucollegeabohar.com,PossibleBotnetDomain
88.248.121.238,PossibleBotnetDomain
dl.1003b.56a.com,PossibleBotnetDomain
gx-10012947.file.myqcloud.com,PossibleBotnetDomain
93.80.159.79,PossibleBotnetDomain
181.111.209.169,PossibleBotnetDomain
xiaoma-10021647.file.myqcloud.com,PossibleBotnetDomain
lammaixep.com,PossibleBotnetDomain
rjxz-1253334198.file.myqcloud.com,PossibleBotnetDomain
yuyu02004-10043918.file.myqcloud.com,PossibleBotnetDomain
govhotel.us,PossibleBotnetDomain
wrapmotors.com,PossibleBotnetDomain
alaha.vn,PossibleBotnetDomain
11vet.com,PossibleBotnetDomain
bizertanet.tn,PossibleBotnetDomain
91.92.16.244,PossibleBotnetDomain
teambored.co.uk,PossibleBotnetDomain
groningerjongleerweekend.kaptein-online.nl,PossibleBotnetDomain
smits.by,PossibleBotnetDomain
bangkok-orchids.com,PossibleBotnetDomain
mutec.jp,PossibleBotnetDomain
cl-closeprotection.fr,PossibleBotnetDomain
atmosfera.questroom.ua,PossibleBotnetDomain
dkw-engineering.net,PossibleBotnetDomain
jsya.co.kr,PossibleBotnetDomain
92.126.201.17,PossibleBotnetDomain
12.30.166.150,PossibleBotnetDomain
194.169.88.56,PossibleBotnetDomain
gnimelf.net,PossibleBotnetDomain
jeffwormser.com,PossibleBotnetDomain
kinguyenxanh.com,PossibleBotnetDomain
kar.big-pro.com,PossibleBotnetDomain
bolidar.dnset.com,PossibleBotnetDomain
tancini.pizza,PossibleBotnetDomain
apartdelpinar.com.ar,PossibleBotnetDomain
pat4.jetos.com,PossibleBotnetDomain
zagruz.dnset.com,PossibleBotnetDomain
www.cassovia.sk,PossibleBotnetDomain
jitkla.com,PossibleBotnetDomain
sinastorage.com,PossibleBotnetDomain
188.3.102.246,PossibleBotnetDomain
72.188.149.196,PossibleBotnetDomain
chuckweiss.com,PossibleBotnetDomain
203.114.116.37,PossibleBotnetDomain
sangpipe.com,PossibleBotnetDomain
cassovia.sk,PossibleBotnetDomain
iran-gold.com,PossibleBotnetDomain
immobilien-bewerten.immo,PossibleBotnetDomain
vnhd.vn,PossibleBotnetDomain
beljan.com,PossibleBotnetDomain
ptgut.co.id,PossibleBotnetDomain
206.189.234.178,PossibleBotnetDomain
maisbrasilphoto.com.br,PossibleBotnetDomain
nanhai.gov.cn,PossibleBotnetDomain
sblegalpartners.com,PossibleBotnetDomain
capetowntandemparagliding.co.za,PossibleBotnetDomain
norperuinge.com.pe,PossibleBotnetDomain
cipherme.pl,PossibleBotnetDomain
cotacaobr.com.br,PossibleBotnetDomain
camilanjadoel.com,PossibleBotnetDomain
www.visualdata.ru,PossibleBotnetDomain
darbud.website.pl,PossibleBotnetDomain
154.91.144.44,PossibleBotnetDomain
websmartworkx.co.uk,PossibleBotnetDomain
188.138.200.32,PossibleBotnetDomain
mazury4x4.pl,PossibleBotnetDomain
cantinhodobaby.com.br,PossibleBotnetDomain
xmprod.com,PossibleBotnetDomain
justart.ma,PossibleBotnetDomain
misterson.com,PossibleBotnetDomain
ultimapsobb.com,PossibleBotnetDomain
shoshou.mixh.jp,PossibleBotnetDomain
lmnht.com,PossibleBotnetDomain
www.ultimapsobb.com,PossibleBotnetDomain
tsd.jxwan.com,PossibleBotnetDomain
adhost22.sslblindado.com,PossibleBotnetDomain
www.szxypt.com,PossibleBotnetDomain
egar.peekicon.com,PossibleBotnetDomain
dulichbodaonha.com,PossibleBotnetDomain
comtechadsl.com,PossibleBotnetDomain
geraldgore.com,PossibleBotnetDomain
gimscompany.com,PossibleBotnetDomain
82.208.149.161,PossibleBotnetDomain
web.mit.edu,PossibleBotnetDomain
banglanews24x7.com,PossibleBotnetDomain
www.vdaservices.co.in,PossibleBotnetDomain
galdonia.com,PossibleBotnetDomain
jointings.org,PossibleBotnetDomain
www.accountantswoottonbassett.co.uk,PossibleBotnetDomain
88.148.52.173,PossibleBotnetDomain
zmmore.com,PossibleBotnetDomain
bork-sh.vitebsk.by,PossibleBotnetDomain
www2.recepty5.com,PossibleBotnetDomain
24.133.203.45,PossibleBotnetDomain
vidalaviva.com,PossibleBotnetDomain
view9.us,PossibleBotnetDomain
readytalk.github.io,PossibleBotnetDomain
chefmongiovi.com,PossibleBotnetDomain
dnabeauty.kz,PossibleBotnetDomain
omega.az,PossibleBotnetDomain
62.232.203.90,PossibleBotnetDomain
huishuren.nu,PossibleBotnetDomain
hellofbi.com,PossibleBotnetDomain
manik.sk,PossibleBotnetDomain
173.160.86.173,PossibleBotnetDomain
mobilier-modern.ro,PossibleBotnetDomain
5.95.226.79,PossibleBotnetDomain
denkagida.com.tr,PossibleBotnetDomain
konik.ikwb.com,PossibleBotnetDomain
0400msc.com,PossibleBotnetDomain
89.122.77.154,PossibleBotnetDomain
flyingmutts.com,PossibleBotnetDomain
nhanhoamotor.vn,PossibleBotnetDomain
espiremoto2016.webcindario.com,PossibleBotnetDomain
tvo0.trk.elasticemail.com,PossibleBotnetDomain
ware.ru,PossibleBotnetDomain
diaocngaynay.vn,PossibleBotnetDomain
neovimabackpack.pro,PossibleBotnetDomain
74.75.165.81,PossibleBotnetDomain
s14b.groundyun.cn,PossibleBotnetDomain
kdsp.co.kr,PossibleBotnetDomain
visa.org.ua,PossibleBotnetDomain
xn----zhcbeat6aupuu3f.org.il,PossibleBotnetDomain
projectwatch.ie,PossibleBotnetDomain
drapriscilamatsuoka.com.br,PossibleBotnetDomain
82.81.196.247,PossibleBotnetDomain
80.191.250.164,PossibleBotnetDomain
41.32.170.13,PossibleBotnetDomain
211.250.46.189,PossibleBotnetDomain
www.skyscan.com,PossibleBotnetDomain
sdosm.vn,PossibleBotnetDomain
24.228.16.207,PossibleBotnetDomain
85.99.247.39,PossibleBotnetDomain
checkoutspace.com,PossibleBotnetDomain
d.kuai-go.com,PossibleBotnetDomain
82.81.2.50,PossibleBotnetDomain
217.217.18.71,PossibleBotnetDomain
83.67.163.73,PossibleBotnetDomain
108.21.209.33,PossibleBotnetDomain
www.swedsomcc.com,PossibleBotnetDomain
212.159.128.72,PossibleBotnetDomain
31.168.249.126,PossibleBotnetDomain
mistcinemas.com,PossibleBotnetDomain
teacherlinx.com,PossibleBotnetDomain
ermekanik.com,PossibleBotnetDomain
www.urschel-mosaic.com,PossibleBotnetDomain
sunkids.dp.ua,PossibleBotnetDomain
88.248.247.223,PossibleBotnetDomain
49.159.92.142,PossibleBotnetDomain
dx.198424.com,PossibleBotnetDomain
pannewasch.de,PossibleBotnetDomain
aplikapedia.com,PossibleBotnetDomain
www.esteticabiobel.es,PossibleBotnetDomain
note.youdao.com,PossibleBotnetDomain
14.45.167.58,PossibleBotnetDomain
mi88karine.company,PossibleBotnetDomain
renim.https443.net,PossibleBotnetDomain
noreply.ssl443.org,PossibleBotnetDomain
v9.monerov8.com,PossibleBotnetDomain
zagruz.zyns.com,PossibleBotnetDomain
www.wrapmotors.com,PossibleBotnetDomain
94.154.17.170,PossibleBotnetDomain
42.61.183.165,PossibleBotnetDomain
www.vanmook.net,PossibleBotnetDomain
vanmook.net,PossibleBotnetDomain
ecc17.com,PossibleBotnetDomain
deixameuskls.tripod.com,PossibleBotnetDomain
24.119.158.74,PossibleBotnetDomain
www.sefp-boispro.fr,PossibleBotnetDomain
mmonteironavegacao.com.br,PossibleBotnetDomain
real-song.tjmedia.co.kr,PossibleBotnetDomain
clinic-100let.ru,PossibleBotnetDomain
parenchild360.com,PossibleBotnetDomain
120.52.120.11,PossibleBotnetDomain
175.212.180.131,PossibleBotnetDomain
blog.piotrszarmach.com,PossibleBotnetDomain
www.mfevr.com,PossibleBotnetDomain
nmcchittor.com,PossibleBotnetDomain
wahl.in,PossibleBotnetDomain
cirqueampere.fr,PossibleBotnetDomain
179.99.210.161,PossibleBotnetDomain
madenagi.com,PossibleBotnetDomain
jugosdetoxveracruz.com,PossibleBotnetDomain
venomco.com,PossibleBotnetDomain
skliarevsky.org,PossibleBotnetDomain
config.hyzmbz.com,PossibleBotnetDomain
down.tgjkbx.cn,PossibleBotnetDomain
wt122.downyouxi.com,PossibleBotnetDomain
dx122.downyouxi.com,PossibleBotnetDomain
173.233.85.171,PossibleBotnetDomain
uc-56.ru,PossibleBotnetDomain
69.75.115.194,PossibleBotnetDomain
49.213.179.129,PossibleBotnetDomain
219.80.217.209,PossibleBotnetDomain
res.yeshen.com,PossibleBotnetDomain
201.203.27.37,PossibleBotnetDomain
files.anjian.com,PossibleBotnetDomain
granportale.com.br,PossibleBotnetDomain
update.joinbr.com,PossibleBotnetDomain
kelvingee.hys.cz,PossibleBotnetDomain
www.21robo.com,PossibleBotnetDomain
www.kokopellz.4fan.cz,PossibleBotnetDomain
kokopellz.4fan.cz,PossibleBotnetDomain
31.187.80.46,PossibleBotnetDomain
181.49.241.50,PossibleBotnetDomain
thuyletv.com,PossibleBotnetDomain
probost.cz,PossibleBotnetDomain
86.35.153.146,PossibleBotnetDomain
down.softlist.tcroot.cn,PossibleBotnetDomain
216.176.179.106,PossibleBotnetDomain
bmstu-iu9.github.io,PossibleBotnetDomain
75.55.248.20,PossibleBotnetDomain
dl-gameplayer.dmm.com,PossibleBotnetDomain
qqenglish.com.cn,PossibleBotnetDomain
vrrumover0.vrrum0.farted.net,PossibleBotnetDomain
www.iremart.es,PossibleBotnetDomain
www.qqenglish.com.cn,PossibleBotnetDomain
storageadda.com,PossibleBotnetDomain
p30qom.ir,PossibleBotnetDomain
kbsconsulting.es,PossibleBotnetDomain
goruklecilingirci.com,PossibleBotnetDomain
gemaber.com,PossibleBotnetDomain
config.ymw200.com,PossibleBotnetDomain
immobilien-dresdner-land.de,PossibleBotnetDomain
inverglen.com,PossibleBotnetDomain
vfocus.net,PossibleBotnetDomain
ss.kuai-go.com,PossibleBotnetDomain
jj.kuai-go.com,PossibleBotnetDomain
4.kuai-go.com,PossibleBotnetDomain
fr.kuai-go.com,PossibleBotnetDomain
ssc2.kuai-go.com,PossibleBotnetDomain
brewmethods.com,PossibleBotnetDomain
www.immobilien-dresdner-land.de,PossibleBotnetDomain
face.smartwatchviet.net,PossibleBotnetDomain
ktgroup.mark-lab.biz,PossibleBotnetDomain
qooco.mark-lab.biz,PossibleBotnetDomain
120.192.64.10,PossibleBotnetDomain
wiebe-sanitaer.de,PossibleBotnetDomain
figuig.net,PossibleBotnetDomain
31.211.159.149,PossibleBotnetDomain
kommunalnik.com,PossibleBotnetDomain
file.mayter.cn,PossibleBotnetDomain
70.164.206.71,PossibleBotnetDomain
fira.org.za,PossibleBotnetDomain
62.34.210.232,PossibleBotnetDomain
ilchokak.co.kr,PossibleBotnetDomain
changematterscounselling.com,PossibleBotnetDomain
yachtclubhotel.com.au,PossibleBotnetDomain
lipo-lytic.net,PossibleBotnetDomain
lukahoward.com,PossibleBotnetDomain
128.65.183.8,PossibleBotnetDomain
talkstolearn.com,PossibleBotnetDomain
deepvan.kingpack.cn,PossibleBotnetDomain
125.137.120.54,PossibleBotnetDomain
79.2.211.133,PossibleBotnetDomain
gephesf.pontocritico.org,PossibleBotnetDomain
down7.downyouxi.com,PossibleBotnetDomain
www.hldschool.com,PossibleBotnetDomain
www.moha-group.com,PossibleBotnetDomain
66.117.6.174,PossibleBotnetDomain
config.younoteba.top,PossibleBotnetDomain
down.soft.yypdf.cn,PossibleBotnetDomain
down.pdf.cqmjkjzx.com,PossibleBotnetDomain
getgeekgadgets.com,PossibleBotnetDomain
atteuqpotentialunlimited.com,PossibleBotnetDomain
bapo.granudan.cn,PossibleBotnetDomain
wt111.downyouxi.com,PossibleBotnetDomain
dx115.downyouxi.com,PossibleBotnetDomain
wt112.downyouxi.com,PossibleBotnetDomain
jzny.com.cn,PossibleBotnetDomain
dvip.drvsky.com,PossibleBotnetDomain
seyh9.com,PossibleBotnetDomain
up.ksbao.com,PossibleBotnetDomain
devitforward.com,PossibleBotnetDomain
220.70.183.53,PossibleBotnetDomain
file.foxitreader.cn,PossibleBotnetDomain
alhabib7.com,PossibleBotnetDomain
ocenidtp.ru,PossibleBotnetDomain
www.devitforward.com,PossibleBotnetDomain
31.132.142.166,PossibleBotnetDomain
www.mytrains.net,PossibleBotnetDomain
yesky.xzstatic.com,PossibleBotnetDomain
attach.mail.daum.net,PossibleBotnetDomain
webq.wikaba.com,PossibleBotnetDomain
dwsobi.qhigh.com,PossibleBotnetDomain
dralpaslan.com,PossibleBotnetDomain
pro-align.co.za,PossibleBotnetDomain
179.99.203.85,PossibleBotnetDomain
d1.udashi.com,PossibleBotnetDomain
files.hrloo.com,PossibleBotnetDomain
download.fahpvdxw.cn,PossibleBotnetDomain
www.wyptk.com,PossibleBotnetDomain
down.pdflist.cqhbkjzx.com,PossibleBotnetDomain
sgm.pc6.com,PossibleBotnetDomain
config.wwmhdq.com,PossibleBotnetDomain
config.wulishow.top,PossibleBotnetDomain
cdn-10049480.file.myqcloud.com,PossibleBotnetDomain
down.softlist.hyzmbz.com,PossibleBotnetDomain
103.51.249.64,PossibleBotnetDomain
teramed.com.co,PossibleBotnetDomain
www.teramed.com.co,PossibleBotnetDomain
tomopreis.nl,PossibleBotnetDomain
comidasdiferentes.com.br,PossibleBotnetDomain
almazart.ru,PossibleBotnetDomain
ppengenharia.com.br,PossibleBotnetDomain
www.myvcart.com,PossibleBotnetDomain
seaportmovingandstorage.com,PossibleBotnetDomain
arstecne.net,PossibleBotnetDomain
hezi.91danji.com,PossibleBotnetDomain
down.soft.6789.net,PossibleBotnetDomain
d.top4top.net,PossibleBotnetDomain
ddd2.pc6.com,PossibleBotnetDomain
intfarma.com,PossibleBotnetDomain
tonghopgia.net,PossibleBotnetDomain
kuaizip.com,PossibleBotnetDomain
dx111.downyouxi.com,PossibleBotnetDomain
www.softhy.net,PossibleBotnetDomain
pat4.qpoe.com,PossibleBotnetDomain
188.191.31.49,PossibleBotnetDomain
wt120.downyouxi.com,PossibleBotnetDomain
catsarea.com,PossibleBotnetDomain
stolfactory-era.ru,PossibleBotnetDomain
amg-contracts.co.uk,PossibleBotnetDomain
www.mehmettolgaakdogan.com,PossibleBotnetDomain
feaservice.com,PossibleBotnetDomain
startbonfire.com,PossibleBotnetDomain
aulist.com,PossibleBotnetDomain
download.cardesales.com,PossibleBotnetDomain
medpatchrx.com,PossibleBotnetDomain
wordsbyme.hu,PossibleBotnetDomain
alba1004.co.kr,PossibleBotnetDomain
kamasu11.cafe24.com,PossibleBotnetDomain
download.ware.ru,PossibleBotnetDomain
obseques-conseils.com,PossibleBotnetDomain
www.okhan.net,PossibleBotnetDomain
levellapromotions.com.au,PossibleBotnetDomain
s.51shijuan.com,PossibleBotnetDomain
flexoempregos.com,PossibleBotnetDomain
craiglee.biz,PossibleBotnetDomain
betis.biz,PossibleBotnetDomain
mmss2015.malaysianmedics.org,PossibleBotnetDomain
94.244.25.21,PossibleBotnetDomain
93.33.203.168,PossibleBotnetDomain
transformers.net.nz,PossibleBotnetDomain
12.25.14.44,PossibleBotnetDomain
cerebro-coaching.fr,PossibleBotnetDomain
46.121.82.70,PossibleBotnetDomain
www.sinerjias.com.tr,PossibleBotnetDomain
p6.zbjimg.com,PossibleBotnetDomain
d9.99ddd.com,PossibleBotnetDomain
users.skynet.be,PossibleBotnetDomain
www.arsalbania.com,PossibleBotnetDomain
digilib.dianhusada.ac.id,PossibleBotnetDomain
executiveesl.com,PossibleBotnetDomain
www.spa-mikser.ru,PossibleBotnetDomain
misico.com,PossibleBotnetDomain
203.146.208.208,PossibleBotnetDomain
monkeychild.co.uk,PossibleBotnetDomain
loneoakmarketing.com,PossibleBotnetDomain
download.mtu.com,PossibleBotnetDomain
pelengenharia.com,PossibleBotnetDomain
masterprint.id,PossibleBotnetDomain
www.feaservice.com,PossibleBotnetDomain
c.top4top.net,PossibleBotnetDomain
greatvacationgiveaways.com,PossibleBotnetDomain
www.tandenblekenhoofddorp.nl,PossibleBotnetDomain
testing.mark-lab.biz,PossibleBotnetDomain
p3.zbjimg.com,PossibleBotnetDomain
anvietpro.com,PossibleBotnetDomain
users.atw.hu,PossibleBotnetDomain
ohe.ie,PossibleBotnetDomain
188.152.2.151,PossibleBotnetDomain
funletters.net,PossibleBotnetDomain
h3m.margol.in,PossibleBotnetDomain
81.213.166.175,PossibleBotnetDomain
82.80.143.205,PossibleBotnetDomain
svn.cc.jyu.fi,PossibleBotnetDomain
112.163.142.40,PossibleBotnetDomain
kingaardvark.com,PossibleBotnetDomain
costume5.ru,PossibleBotnetDomain
bollyboer.com.au,PossibleBotnetDomain
www.monumentcleaning.co.uk,PossibleBotnetDomain
88.249.120.216,PossibleBotnetDomain
joatbom.com,PossibleBotnetDomain
uniquefabsystems.com,PossibleBotnetDomain
www.joatbom.com,PossibleBotnetDomain
vinastone.com,PossibleBotnetDomain
freepaidcourses.com,PossibleBotnetDomain
santolli.com.br,PossibleBotnetDomain
87.244.5.18,PossibleBotnetDomain
istlain.com,PossibleBotnetDomain
asakoko.cekuj.net,PossibleBotnetDomain
timlinger.com,PossibleBotnetDomain
108.220.3.201,PossibleBotnetDomain
31.168.24.115,PossibleBotnetDomain
150.co.il,PossibleBotnetDomain
paul.falcogames.com,PossibleBotnetDomain
79.39.88.20,PossibleBotnetDomain
fd-interior.com,PossibleBotnetDomain
bbsfile.co188.com,PossibleBotnetDomain
bd2.paopaoche.net,PossibleBotnetDomain
sanliurfakarsiyakataksi.com,PossibleBotnetDomain
75.3.196.154,PossibleBotnetDomain
62.219.131.205,PossibleBotnetDomain
globamachines.com,PossibleBotnetDomain
attach.66rpg.com,PossibleBotnetDomain
down1.arpun.com,PossibleBotnetDomain
dx1.qqtn.com,PossibleBotnetDomain
dxdown.2cto.com,PossibleBotnetDomain
zj.9553.com,PossibleBotnetDomain
thosewebbs.com,PossibleBotnetDomain
charm.bizfxr.com,PossibleBotnetDomain
d1.w26.cn,PossibleBotnetDomain
bd18.52lishi.com,PossibleBotnetDomain
dontwag.com,PossibleBotnetDomain
summerlandrockers.org.au,PossibleBotnetDomain
www.haraldweinbrecht.com,PossibleBotnetDomain
files6.uludagbilisim.com,PossibleBotnetDomain
www.playhard.ru,PossibleBotnetDomain
soft.duote.com.cn,PossibleBotnetDomain
dx.qqtn.com,PossibleBotnetDomain
data.over-blog-kiwi.com,PossibleBotnetDomain
robertrowe.com,PossibleBotnetDomain
config.cqhbkjzx.com,PossibleBotnetDomain
dw.58wangdun.com,PossibleBotnetDomain
bavmed.ru,PossibleBotnetDomain
d1.paopaoche.net,PossibleBotnetDomain
riverwalkmb.com,PossibleBotnetDomain
trillionairecoin.com,PossibleBotnetDomain
cosmicregistry.org,PossibleBotnetDomain
vgd.vg,PossibleBotnetDomain
xn--b1axgdf5j.xn--j1amh,PossibleBotnetDomain
demo.intop-web.com,PossibleBotnetDomain
lalievre.ca,PossibleBotnetDomain
cashonlinestore.com,PossibleBotnetDomain
cuentocontigo.net,PossibleBotnetDomain
ak.imgfarm.com,PossibleBotnetDomain
180.153.105.169,PossibleBotnetDomain
ld.mediaget.com,PossibleBotnetDomain
4surskate.com,PossibleBotnetDomain
javatank.ru,PossibleBotnetDomain
finefoodsfrozen.com,PossibleBotnetDomain
www.madephone.com,PossibleBotnetDomain
skoposcomunicacao.com.br,PossibleBotnetDomain
rochasecia.com.br,PossibleBotnetDomain
mypointapp.com,PossibleBotnetDomain
pardefix.com,PossibleBotnetDomain
lavoroproducoes.com.br,PossibleBotnetDomain
aguiasdooriente.com.br,PossibleBotnetDomain
selekture.com,PossibleBotnetDomain
eletronop.com.br,PossibleBotnetDomain
cm2.com.br,PossibleBotnetDomain
sertin.web2165.uni5.net,PossibleBotnetDomain
studio.maweb.eu,PossibleBotnetDomain
edancarp.com,PossibleBotnetDomain
adequategambia.com,PossibleBotnetDomain
arrozvaledosul.com.br,PossibleBotnetDomain
imegica.com,PossibleBotnetDomain
www.icmcce.net,PossibleBotnetDomain
louis-wellness.it,PossibleBotnetDomain
lineamagica.hu,PossibleBotnetDomain
maisemelhores.com.br,PossibleBotnetDomain
pensjonat-domino.pl,PossibleBotnetDomain
islamappen.se,PossibleBotnetDomain
res.entercenter.net,PossibleBotnetDomain
www.dmresor.se,PossibleBotnetDomain
gree-am.com.br,PossibleBotnetDomain
hippyy.com,PossibleBotnetDomain
bangsband.com,PossibleBotnetDomain
crinet.com.br,PossibleBotnetDomain
xn--1-7sbc0bfr0ah0c.xn--p1ai,PossibleBotnetDomain
russellmcdougal.com,PossibleBotnetDomain
vigilar.com.br,PossibleBotnetDomain
ceda.com.tr,PossibleBotnetDomain
www.xn--1-7sbc0bfr0ah0c.xn--p1ai,PossibleBotnetDomain
www.piapendet.com,PossibleBotnetDomain
www.stolfactory-era.ru,PossibleBotnetDomain
www.tigrismakine.com,PossibleBotnetDomain
studio.clanweb.eu,PossibleBotnetDomain
papillo.jecool.net,PossibleBotnetDomain
www.evrohros.ru,PossibleBotnetDomain
www.storageadda.com,PossibleBotnetDomain
www.syehs.com,PossibleBotnetDomain
mettek.com.tr,PossibleBotnetDomain
rajmachinery.com,PossibleBotnetDomain
realeverydaybusiness.com,PossibleBotnetDomain
www.rajmachinery.com,PossibleBotnetDomain
maxiflorist.com,PossibleBotnetDomain
www.mediatrainer.ru,PossibleBotnetDomain
www.voice.a1radio.ru,PossibleBotnetDomain
www.360d.online,PossibleBotnetDomain
www.leaflet-map-generator.com,PossibleBotnetDomain
blogmydaily.com,PossibleBotnetDomain
202.29.95.12,PossibleBotnetDomain
ipisu.ru,PossibleBotnetDomain
elena.podolinski.com,PossibleBotnetDomain
tasetuse.com,PossibleBotnetDomain
taraward.com,PossibleBotnetDomain
anysbergbiltong.co.za,PossibleBotnetDomain
andremaraisbeleggings.co.za,PossibleBotnetDomain
allloveseries.com,PossibleBotnetDomain
www.hnlsf.com,PossibleBotnetDomain
www.anysbergbiltong.co.za,PossibleBotnetDomain
sahathaikasetpan.com,PossibleBotnetDomain
newsteg.com,PossibleBotnetDomain
kunkel5.com,PossibleBotnetDomain
blackbookband.com,PossibleBotnetDomain
yuliamakeev.com,PossibleBotnetDomain
www.wjconstruction.net,PossibleBotnetDomain
leaflet-map-generator.com,PossibleBotnetDomain
www.andremaraisbeleggings.co.za,PossibleBotnetDomain
www.mmcontinental.com,PossibleBotnetDomain
conexa.no,PossibleBotnetDomain
mail.see-go.com,PossibleBotnetDomain
mail.ibrandity.com,PossibleBotnetDomain
www.allloveseries.com,PossibleBotnetDomain
www.ychynt.com,PossibleBotnetDomain
oilmotor.com.ua,PossibleBotnetDomain
denaros.pl,PossibleBotnetDomain
ghislain.dartois.pagesperso-orange.fr,PossibleBotnetDomain
www.oasisimportexport.com,PossibleBotnetDomain
bucketlistrecipes.com,PossibleBotnetDomain
beautifulgreat.com,PossibleBotnetDomain
da.alibuf.com,PossibleBotnetDomain
www.bynoet.com,PossibleBotnetDomain
www.bestonspices.com,PossibleBotnetDomain
heggemeier.com,PossibleBotnetDomain
krovatki.biz,PossibleBotnetDomain
bepgroup.com.hk,PossibleBotnetDomain
travelerguideblog.com,PossibleBotnetDomain
scubetmg.com,PossibleBotnetDomain
lutuyeindonesia.com,PossibleBotnetDomain
hrigeneva.com,PossibleBotnetDomain
avstrust.org,PossibleBotnetDomain
dgecolesdepolice.bf,PossibleBotnetDomain
acghope.com,PossibleBotnetDomain
homedeco.com.ua,PossibleBotnetDomain
phongchitt.com,PossibleBotnetDomain
majesticraft.com,PossibleBotnetDomain
429days.com,PossibleBotnetDomain
www.yiluzhuanqian.com,PossibleBotnetDomain
221.226.86.151,PossibleBotnetDomain
assetsoption.com,PossibleBotnetDomain
cortlnachina.com,PossibleBotnetDomain
mindsitter.com,PossibleBotnetDomain
jasoncevera.com,PossibleBotnetDomain
accountingpayable.com,PossibleBotnetDomain
a-dce.com,PossibleBotnetDomain
cellandbell.com,PossibleBotnetDomain
www.tirtasentosa.com,PossibleBotnetDomain
ch.rmu.ac.th,PossibleBotnetDomain
uhuii.com,PossibleBotnetDomain
cripliver.com,PossibleBotnetDomain
smpadvance.com,PossibleBotnetDomain
happyinviting.com,PossibleBotnetDomain
logwoodonline.com,PossibleBotnetDomain
lameguard.ru,PossibleBotnetDomain
mackleyn.com,PossibleBotnetDomain
theipgenerators.com,PossibleBotnetDomain
f.kuai-go.com,PossibleBotnetDomain
eurokarton.pl,PossibleBotnetDomain
enduringregret.org,PossibleBotnetDomain
chanvribloc.com,PossibleBotnetDomain
163.22.51.1,PossibleBotnetDomain
me-za.com,PossibleBotnetDomain
cupomwebnet.webcindario.com,PossibleBotnetDomain
nordicpartner-ea.com,PossibleBotnetDomain
clanspectre.com,PossibleBotnetDomain
tirtasentosa.com,PossibleBotnetDomain
wallistreet.com,PossibleBotnetDomain
bbs.sunwy.org,PossibleBotnetDomain
www.medconrx.com,PossibleBotnetDomain
www.bjkumdo.com,PossibleBotnetDomain
alohasoftware.net,PossibleBotnetDomain
badcarrero.sslblindado.com,PossibleBotnetDomain
www.okeymusicbox.com,PossibleBotnetDomain
topwinnerglobal.com,PossibleBotnetDomain
gurwitz.com,PossibleBotnetDomain
www.driverbohum.site,PossibleBotnetDomain
talespinner.co.uk,PossibleBotnetDomain
www.mymemories.wedding,PossibleBotnetDomain
www.dgecolesdepolice.bf,PossibleBotnetDomain
namc18.com,PossibleBotnetDomain
cista-dobra-voda.com,PossibleBotnetDomain
amnrelease.com,PossibleBotnetDomain
crittersbythebay.com,PossibleBotnetDomain
beautyevent.ru,PossibleBotnetDomain
