78.24.223.88,PossibleBotnet
36.89.88.111,PossibleBotnet
203.176.135.102,PossibleBotnet
188.120.254.68,PossibleBotnet
45.8.230.203,PossibleBotnet
62.109.22.226,PossibleBotnet
85.217.171.52,PossibleBotnet
185.62.190.167,PossibleBotnet
146.185.253.126,PossibleBotnet
5.182.210.221,PossibleBotnet
190.17.94.108,PossibleBotnet
151.237.36.220,PossibleBotnet
200.123.183.137,PossibleBotnet
190.161.180.184,PossibleBotnet
190.210.236.139,PossibleBotnet
177.242.21.126,PossibleBotnet
190.189.224.117,PossibleBotnet
76.164.99.46,PossibleBotnet
177.180.115.224,PossibleBotnet
197.94.32.129,PossibleBotnet
159.69.89.130,PossibleBotnet
83.165.78.227,PossibleBotnet
144.217.117.207,PossibleBotnet
24.181.125.62,PossibleBotnet
78.189.165.52,PossibleBotnet
85.100.122.211,PossibleBotnet
200.114.167.85,PossibleBotnet
191.183.21.190,PossibleBotnet
195.123.221.35,PossibleBotnet
5.34.176.93,PossibleBotnet
183.99.239.141,PossibleBotnet
177.144.130.105,PossibleBotnet
217.12.70.226,PossibleBotnet
189.19.81.181,PossibleBotnet
63.248.198.8,PossibleBotnet
85.143.223.24,PossibleBotnet
5.182.210.45,PossibleBotnet
72.51.153.27,PossibleBotnet
211.42.204.154,PossibleBotnet
94.200.114.162,PossibleBotnet
190.100.153.162,PossibleBotnet
2.237.76.249,PossibleBotnet
173.247.19.238,PossibleBotnet
61.197.110.214,PossibleBotnet
99.252.27.6,PossibleBotnet
37.46.132.101,PossibleBotnet
212.109.195.15,PossibleBotnet
93.189.42.185,PossibleBotnet
185.180.198.143,PossibleBotnet
179.13.185.19,PossibleBotnet
186.84.173.136,PossibleBotnet
113.61.76.239,PossibleBotnet
88.247.26.78,PossibleBotnet
185.186.77.243,PossibleBotnet
193.37.212.139,PossibleBotnet
89.215.225.15,PossibleBotnet
47.6.15.79,PossibleBotnet
67.254.196.78,PossibleBotnet
175.127.140.68,PossibleBotnet
79.7.114.1,PossibleBotnet
78.186.102.195,PossibleBotnet
91.117.31.181,PossibleBotnet
171.100.142.238,PossibleBotnet
91.74.175.46,PossibleBotnet
200.41.121.69,PossibleBotnet
68.174.15.223,PossibleBotnet
47.156.70.145,PossibleBotnet
180.180.216.177,PossibleBotnet
121.100.19.18,PossibleBotnet
66.34.201.20,PossibleBotnet
37.59.24.177,PossibleBotnet
5.88.27.67,PossibleBotnet
46.105.128.215,PossibleBotnet
96.61.113.203,PossibleBotnet
85.109.190.235,PossibleBotnet
45.51.40.140,PossibleBotnet
86.98.156.239,PossibleBotnet
176.106.183.253,PossibleBotnet
58.171.42.66,PossibleBotnet
69.30.205.162,PossibleBotnet
108.179.206.219,PossibleBotnet
108.191.2.72,PossibleBotnet
110.142.161.90,PossibleBotnet
185.160.212.3,PossibleBotnet
72.29.55.174,PossibleBotnet
45.79.95.107,PossibleBotnet
190.100.16.210,PossibleBotnet
144.139.56.105,PossibleBotnet
190.12.119.180,PossibleBotnet
197.254.221.174,PossibleBotnet
72.27.212.209,PossibleBotnet
51.89.73.148,PossibleBotnet
192.161.190.171,PossibleBotnet
104.236.137.72,PossibleBotnet
206.189.112.148,PossibleBotnet
206.81.10.215,PossibleBotnet
50.116.86.205,PossibleBotnet
209.97.168.52,PossibleBotnet
107.170.24.125,PossibleBotnet
146.185.253.123,PossibleBotnet
181.129.104.139,PossibleBotnet
181.112.157.42,PossibleBotnet
163.172.97.112,PossibleBotnet
190.214.13.2,PossibleBotnet
181.129.134.18,PossibleBotnet
181.113.28.146,PossibleBotnet
181.196.207.202,PossibleBotnet
192.241.255.77,PossibleBotnet
181.140.173.186,PossibleBotnet
165.227.156.155,PossibleBotnet
67.225.179.64,PossibleBotnet
51.255.165.160,PossibleBotnet
202.29.215.114,PossibleBotnet
163.172.40.218,PossibleBotnet
183.102.238.69,PossibleBotnet
167.99.105.223,PossibleBotnet
124.150.175.133,PossibleBotnet
212.129.24.79,PossibleBotnet
201.213.32.59,PossibleBotnet
46.174.235.36,PossibleBotnet
69.163.33.84,PossibleBotnet
186.71.150.23,PossibleBotnet
131.161.253.190,PossibleBotnet
138.197.140.163,PossibleBotnet
167.71.10.37,PossibleBotnet
201.184.105.242,PossibleBotnet
68.183.190.199,PossibleBotnet
46.101.212.195,PossibleBotnet
5.189.148.98,PossibleBotnet
212.129.24.82,PossibleBotnet
217.199.160.224,PossibleBotnet
62.210.142.58,PossibleBotnet
176.31.200.130,PossibleBotnet
170.238.117.187,PossibleBotnet
159.65.241.220,PossibleBotnet
104.131.11.150,PossibleBotnet
46.105.131.87,PossibleBotnet
186.159.1.217,PossibleBotnet
103.201.150.209,PossibleBotnet
75.183.130.158,PossibleBotnet
36.89.85.103,PossibleBotnet
212.112.113.235,PossibleBotnet
190.220.19.82,PossibleBotnet
103.91.228.3,PossibleBotnet
186.4.172.5,PossibleBotnet
104.131.58.132,PossibleBotnet
80.249.176.206,PossibleBotnet
190.17.44.48,PossibleBotnet
173.171.132.82,PossibleBotnet
168.121.59.107,PossibleBotnet
212.129.56.179,PossibleBotnet
202.65.172.254,PossibleBotnet
212.83.128.139,PossibleBotnet
62.210.81.18,PossibleBotnet
195.154.58.200,PossibleBotnet
62.210.253.72,PossibleBotnet
212.83.146.230,PossibleBotnet
62.210.86.114,PossibleBotnet
163.172.81.35,PossibleBotnet
212.83.166.45,PossibleBotnet
62.210.36.193,PossibleBotnet
1.246.222.38,PossibleBotnet
120.68.2.33,PossibleBotnet
116.114.95.201,PossibleBotnet
111.42.66.36,PossibleBotnet
1.246.223.15,PossibleBotnet
111.40.111.206,PossibleBotnet
111.43.223.163,PossibleBotnet
1.246.222.160,PossibleBotnet
36.109.230.233,PossibleBotnet
175.11.194.171,PossibleBotnet
183.130.124.215,PossibleBotnet
31.146.124.117,PossibleBotnet
59.96.91.135,PossibleBotnet
49.70.19.27,PossibleBotnet
125.41.0.137,PossibleBotnet
49.115.118.201,PossibleBotnet
111.43.223.169,PossibleBotnet
211.137.225.144,PossibleBotnet
59.96.87.225,PossibleBotnet
49.116.33.0,PossibleBotnet
111.43.223.127,PossibleBotnet
111.42.103.93,PossibleBotnet
117.218.130.103,PossibleBotnet
115.219.86.10,PossibleBotnet
121.233.86.54,PossibleBotnet
218.21.171.107,PossibleBotnet
111.42.66.53,PossibleBotnet
111.42.66.137,PossibleBotnet
183.128.215.224,PossibleBotnet
111.43.223.36,PossibleBotnet
176.113.161.86,PossibleBotnet
222.139.17.96,PossibleBotnet
110.154.227.192,PossibleBotnet
1.246.222.138,PossibleBotnet
111.43.223.135,PossibleBotnet
220.184.64.68,PossibleBotnet
49.89.148.85,PossibleBotnet
211.137.225.106,PossibleBotnet
120.71.99.172,PossibleBotnet
39.81.254.230,PossibleBotnet
113.133.224.182,PossibleBotnet
111.43.223.124,PossibleBotnet
42.238.158.19,PossibleBotnet
114.218.207.237,PossibleBotnet
111.43.223.54,PossibleBotnet
211.137.225.133,PossibleBotnet
59.96.25.164,PossibleBotnet
123.12.69.250,PossibleBotnet
221.210.211.142,PossibleBotnet
49.116.46.216,PossibleBotnet
113.221.12.219,PossibleBotnet
175.4.91.35,PossibleBotnet
182.112.9.125,PossibleBotnet
111.181.137.119,PossibleBotnet
180.115.254.58,PossibleBotnet
115.199.122.104,PossibleBotnet
221.210.211.23,PossibleBotnet
59.96.24.75,PossibleBotnet
117.253.15.229,PossibleBotnet
49.89.201.68,PossibleBotnet
1.246.223.74,PossibleBotnet
111.42.102.134,PossibleBotnet
113.245.185.249,PossibleBotnet
117.207.36.181,PossibleBotnet
36.105.12.188,PossibleBotnet
121.62.96.112,PossibleBotnet
112.242.184.103,PossibleBotnet
123.13.5.74,PossibleBotnet
111.43.223.173,PossibleBotnet
112.17.166.210,PossibleBotnet
123.10.141.169,PossibleBotnet
221.231.30.22,PossibleBotnet
31.146.124.191,PossibleBotnet
111.43.223.117,PossibleBotnet
221.210.211.28,PossibleBotnet
121.226.237.146,PossibleBotnet
113.133.224.18,PossibleBotnet
36.153.190.229,PossibleBotnet
115.53.103.117,PossibleBotnet
42.230.8.34,PossibleBotnet
61.2.14.17,PossibleBotnet
175.3.183.131,PossibleBotnet
118.253.142.108,PossibleBotnet
121.226.208.224,PossibleBotnet
221.210.211.134,PossibleBotnet
218.93.154.254,PossibleBotnet
180.121.83.251,PossibleBotnet
1.246.222.79,PossibleBotnet
221.160.177.143,PossibleBotnet
123.159.207.168,PossibleBotnet
177.128.39.94,PossibleBotnet
218.21.170.244,PossibleBotnet
222.74.186.164,PossibleBotnet
112.216.100.210,PossibleBotnet
185.10.185.123,PossibleBotnet
1.246.222.42,PossibleBotnet
42.237.215.18,PossibleBotnet
113.71.134.229,PossibleBotnet
221.15.96.50,PossibleBotnet
120.69.89.204,PossibleBotnet
111.43.223.78,PossibleBotnet
58.217.73.27,PossibleBotnet
49.116.23.29,PossibleBotnet
111.43.223.156,PossibleBotnet
115.62.14.183,PossibleBotnet
42.115.33.152,PossibleBotnet
111.91.111.74,PossibleBotnet
176.113.161.76,PossibleBotnet
120.68.243.97,PossibleBotnet
180.104.59.161,PossibleBotnet
36.107.169.125,PossibleBotnet
211.137.225.93,PossibleBotnet
116.114.95.196,PossibleBotnet
120.71.122.230,PossibleBotnet
182.127.243.219,PossibleBotnet
115.59.9.189,PossibleBotnet
120.68.3.203,PossibleBotnet
111.42.66.30,PossibleBotnet
122.254.18.24,PossibleBotnet
218.93.56.247,PossibleBotnet
182.113.196.88,PossibleBotnet
218.70.144.134,PossibleBotnet
223.145.224.131,PossibleBotnet
31.146.124.188,PossibleBotnet
36.105.158.187,PossibleBotnet
111.42.66.16,PossibleBotnet
211.137.225.57,PossibleBotnet
218.21.170.85,PossibleBotnet
183.128.143.249,PossibleBotnet
49.70.19.62,PossibleBotnet
111.43.223.18,PossibleBotnet
111.42.66.52,PossibleBotnet
111.43.223.20,PossibleBotnet
176.113.161.133,PossibleBotnet
1.246.222.113,PossibleBotnet
114.239.24.230,PossibleBotnet
110.156.55.238,PossibleBotnet
110.157.212.113,PossibleBotnet
114.239.49.236,PossibleBotnet
111.42.103.107,PossibleBotnet
211.137.225.146,PossibleBotnet
222.83.48.150,PossibleBotnet
218.21.170.44,PossibleBotnet
124.118.196.17,PossibleBotnet
111.43.223.145,PossibleBotnet
1.246.222.87,PossibleBotnet
112.26.160.67,PossibleBotnet
111.40.111.207,PossibleBotnet
111.43.223.15,PossibleBotnet
111.43.223.52,PossibleBotnet
116.114.95.52,PossibleBotnet
171.220.177.61,PossibleBotnet
114.229.219.10,PossibleBotnet
111.42.102.143,PossibleBotnet
111.42.102.125,PossibleBotnet
111.42.66.41,PossibleBotnet
122.233.8.3,PossibleBotnet
36.105.157.37,PossibleBotnet
111.42.66.19,PossibleBotnet
111.42.67.72,PossibleBotnet
111.43.223.17,PossibleBotnet
110.154.222.168,PossibleBotnet
124.67.89.74,PossibleBotnet
151.101.0.133,PossibleBotnet
213.188.29.200,PossibleBotnet
171.83.217.114,PossibleBotnet
112.17.152.195,PossibleBotnet
116.114.95.64,PossibleBotnet
42.115.52.139,PossibleBotnet
115.224.129.221,PossibleBotnet
183.144.206.93,PossibleBotnet
41.32.35.133,PossibleBotnet
111.42.66.42,PossibleBotnet
115.63.186.53,PossibleBotnet
60.185.187.230,PossibleBotnet
182.113.217.40,PossibleBotnet
115.50.22.68,PossibleBotnet
111.38.26.185,PossibleBotnet
218.21.171.25,PossibleBotnet
218.21.171.57,PossibleBotnet
45.72.3.132,PossibleBotnet
222.142.201.51,PossibleBotnet
112.112.100.211,PossibleBotnet
182.131.92.145,PossibleBotnet
49.115.73.245,PossibleBotnet
185.191.246.26,PossibleBotnet
114.239.202.52,PossibleBotnet
134.90.162.210,PossibleBotnet
117.87.67.196,PossibleBotnet
218.21.171.236,PossibleBotnet
221.210.211.26,PossibleBotnet
116.114.95.180,PossibleBotnet
111.42.102.81,PossibleBotnet
222.74.186.186,PossibleBotnet
117.87.129.192,PossibleBotnet
222.83.52.92,PossibleBotnet
114.234.137.39,PossibleBotnet
115.49.147.108,PossibleBotnet
218.89.81.142,PossibleBotnet
112.17.78.202,PossibleBotnet
111.42.67.49,PossibleBotnet
42.228.245.172,PossibleBotnet
221.210.211.132,PossibleBotnet
221.210.211.27,PossibleBotnet
182.122.26.192,PossibleBotnet
124.118.238.94,PossibleBotnet
111.42.103.37,PossibleBotnet
103.59.134.58,PossibleBotnet
218.21.171.197,PossibleBotnet
182.117.207.239,PossibleBotnet
110.156.96.227,PossibleBotnet
1.246.223.127,PossibleBotnet
111.40.100.2,PossibleBotnet
116.114.95.188,PossibleBotnet
221.210.211.4,PossibleBotnet
183.156.7.216,PossibleBotnet
116.114.95.100,PossibleBotnet
49.89.70.143,PossibleBotnet
221.210.211.50,PossibleBotnet
218.93.153.164,PossibleBotnet
222.87.179.228,PossibleBotnet
49.116.98.7,PossibleBotnet
103.82.72.233,PossibleBotnet
111.38.26.173,PossibleBotnet
117.95.203.147,PossibleBotnet
45.170.199.146,PossibleBotnet
180.176.214.152,PossibleBotnet
110.154.240.97,PossibleBotnet
116.114.95.230,PossibleBotnet
49.70.4.174,PossibleBotnet
114.239.124.99,PossibleBotnet
49.89.67.136,PossibleBotnet
119.203.30.165,PossibleBotnet
176.113.161.72,PossibleBotnet
180.120.8.144,PossibleBotnet
116.114.95.92,PossibleBotnet
111.42.102.147,PossibleBotnet
118.253.140.141,PossibleBotnet
208.81.164.252,PossibleBotnet
141.255.164.13,PossibleBotnet
101.227.95.3,PossibleBotnet
52.47.207.162,PossibleBotnet
119.188.249.206,PossibleBotnet
185.112.249.218,PossibleBotnet
199.188.200.95,PossibleBotnet
115.56.69.190,PossibleBotnet
119.206.150.27,PossibleBotnet
124.67.89.76,PossibleBotnet
111.42.102.137,PossibleBotnet
114.234.56.109,PossibleBotnet
42.230.50.75,PossibleBotnet
42.238.24.9,PossibleBotnet
111.43.223.45,PossibleBotnet
176.113.161.45,PossibleBotnet
221.210.211.17,PossibleBotnet
180.123.208.169,PossibleBotnet
42.115.33.146,PossibleBotnet
124.230.173.194,PossibleBotnet
111.176.128.179,PossibleBotnet
117.86.110.91,PossibleBotnet
173.15.162.151,PossibleBotnet
211.137.225.18,PossibleBotnet
35.187.253.63,PossibleBotnet
121.233.108.216,PossibleBotnet
111.40.111.193,PossibleBotnet
115.225.127.18,PossibleBotnet
49.119.82.101,PossibleBotnet
111.43.223.95,PossibleBotnet
47.22.10.18,PossibleBotnet
221.228.159.3,PossibleBotnet
115.55.66.139,PossibleBotnet
49.70.171.188,PossibleBotnet
120.68.217.92,PossibleBotnet
49.116.24.156,PossibleBotnet
218.21.171.45,PossibleBotnet
112.28.98.52,PossibleBotnet
162.241.173.131,PossibleBotnet
118.43.168.216,PossibleBotnet
81.10.23.139,PossibleBotnet
36.105.9.138,PossibleBotnet
1.246.222.228,PossibleBotnet
36.107.172.139,PossibleBotnet
114.227.136.13,PossibleBotnet
218.21.170.238,PossibleBotnet
112.28.98.61,PossibleBotnet
211.137.225.107,PossibleBotnet
117.123.171.105,PossibleBotnet
180.123.59.84,PossibleBotnet
112.122.227.241,PossibleBotnet
49.115.97.76,PossibleBotnet
211.137.225.96,PossibleBotnet
36.96.97.151,PossibleBotnet
114.226.119.188,PossibleBotnet
114.226.62.226,PossibleBotnet
1.246.222.83,PossibleBotnet
114.235.59.82,PossibleBotnet
111.43.223.189,PossibleBotnet
218.21.171.244,PossibleBotnet
49.81.150.69,PossibleBotnet
114.231.5.20,PossibleBotnet
1.246.222.55,PossibleBotnet
49.143.32.43,PossibleBotnet
49.68.55.125,PossibleBotnet
124.119.104.175,PossibleBotnet
116.114.95.174,PossibleBotnet
120.71.123.61,PossibleBotnet
116.114.95.168,PossibleBotnet
121.62.22.129,PossibleBotnet
116.114.95.72,PossibleBotnet
49.89.227.84,PossibleBotnet
121.226.204.83,PossibleBotnet
124.67.89.36,PossibleBotnet
116.114.95.110,PossibleBotnet
113.25.230.119,PossibleBotnet
61.128.42.77,PossibleBotnet
1.246.222.49,PossibleBotnet
114.234.68.71,PossibleBotnet
116.114.95.123,PossibleBotnet
42.56.76.104,PossibleBotnet
14.204.74.140,PossibleBotnet
218.21.170.84,PossibleBotnet
42.236.125.84,PossibleBotnet
64.111.27.3,PossibleBotnet
213.186.33.186,PossibleBotnet
176.113.161.113,PossibleBotnet
180.124.73.151,PossibleBotnet
96.68.219.131,PossibleBotnet
176.113.161.104,PossibleBotnet
49.116.48.3,PossibleBotnet
176.113.161.95,PossibleBotnet
1.246.223.130,PossibleBotnet
121.230.255.221,PossibleBotnet
183.156.14.126,PossibleBotnet
180.123.240.176,PossibleBotnet
218.21.171.194,PossibleBotnet
117.95.104.33,PossibleBotnet
116.114.95.218,PossibleBotnet
211.137.225.83,PossibleBotnet
111.40.111.205,PossibleBotnet
115.49.230.189,PossibleBotnet
1.246.223.35,PossibleBotnet
49.70.119.31,PossibleBotnet
49.87.76.178,PossibleBotnet
111.38.26.108,PossibleBotnet
120.69.4.46,PossibleBotnet
111.42.102.140,PossibleBotnet
180.123.15.142,PossibleBotnet
49.116.37.153,PossibleBotnet
116.114.95.222,PossibleBotnet
120.68.2.91,PossibleBotnet
49.89.242.125,PossibleBotnet
116.114.95.20,PossibleBotnet
103.67.152.225,PossibleBotnet
116.114.95.108,PossibleBotnet
117.93.118.225,PossibleBotnet
111.42.66.24,PossibleBotnet
211.137.225.56,PossibleBotnet
174.101.115.238,PossibleBotnet
71.40.128.150,PossibleBotnet
157.185.177.129,PossibleBotnet
176.113.161.93,PossibleBotnet
1.246.222.41,PossibleBotnet
106.110.90.185,PossibleBotnet
111.172.40.13,PossibleBotnet
111.38.9.114,PossibleBotnet
176.113.161.88,PossibleBotnet
114.235.148.182,PossibleBotnet
211.137.225.39,PossibleBotnet
221.210.211.148,PossibleBotnet
176.113.161.126,PossibleBotnet
121.233.117.238,PossibleBotnet
103.59.134.43,PossibleBotnet
49.82.78.137,PossibleBotnet
114.239.195.122,PossibleBotnet
176.113.161.92,PossibleBotnet
1.246.222.8,PossibleBotnet
124.114.22.157,PossibleBotnet
111.38.25.230,PossibleBotnet
49.115.194.246,PossibleBotnet
194.54.160.248,PossibleBotnet
103.215.188.35,PossibleBotnet
113.14.180.173,PossibleBotnet
104.168.102.14,PossibleBotnet
106.110.102.195,PossibleBotnet
176.113.161.97,PossibleBotnet
49.87.197.93,PossibleBotnet
1.246.222.109,PossibleBotnet
222.80.146.34,PossibleBotnet
116.114.95.120,PossibleBotnet
106.110.90.215,PossibleBotnet
190.219.119.157,PossibleBotnet
49.82.255.36,PossibleBotnet
114.234.141.86,PossibleBotnet
124.66.48.13,PossibleBotnet
206.217.131.235,PossibleBotnet
218.21.171.211,PossibleBotnet
116.114.95.158,PossibleBotnet
112.28.98.69,PossibleBotnet
211.137.225.35,PossibleBotnet
117.95.44.200,PossibleBotnet
171.80.175.107,PossibleBotnet
1.246.223.39,PossibleBotnet
176.113.161.59,PossibleBotnet
117.95.185.231,PossibleBotnet
110.154.177.103,PossibleBotnet
120.209.99.201,PossibleBotnet
23.25.97.177,PossibleBotnet
117.95.200.50,PossibleBotnet
1.246.222.122,PossibleBotnet
180.117.195.168,PossibleBotnet
1.246.223.30,PossibleBotnet
1.246.222.98,PossibleBotnet
176.113.161.52,PossibleBotnet
114.235.1.167,PossibleBotnet
117.86.148.199,PossibleBotnet
27.15.155.174,PossibleBotnet
211.198.237.139,PossibleBotnet
103.204.122.131,PossibleBotnet
120.69.57.6,PossibleBotnet
211.137.225.110,PossibleBotnet
1.246.223.18,PossibleBotnet
114.236.55.197,PossibleBotnet
221.210.211.21,PossibleBotnet
36.107.173.22,PossibleBotnet
221.210.211.187,PossibleBotnet
1.246.223.64,PossibleBotnet
49.70.36.49,PossibleBotnet
120.71.205.148,PossibleBotnet
116.114.95.208,PossibleBotnet
222.74.186.136,PossibleBotnet
111.38.25.99,PossibleBotnet
47.22.10.10,PossibleBotnet
111.40.95.197,PossibleBotnet
176.212.114.195,PossibleBotnet
180.104.233.250,PossibleBotnet
117.63.130.19,PossibleBotnet
116.53.194.32,PossibleBotnet
222.74.186.180,PossibleBotnet
114.239.153.173,PossibleBotnet
1.246.223.61,PossibleBotnet
185.112.249.41,PossibleBotnet
160.153.129.213,PossibleBotnet
12.178.187.7,PossibleBotnet
173.254.98.143,PossibleBotnet
185.212.130.7,PossibleBotnet
103.255.236.15,PossibleBotnet
1.246.222.4,PossibleBotnet
180.104.58.4,PossibleBotnet
116.114.95.172,PossibleBotnet
1.246.223.125,PossibleBotnet
106.57.196.211,PossibleBotnet
49.87.117.138,PossibleBotnet
116.114.95.118,PossibleBotnet
222.106.29.166,PossibleBotnet
180.124.204.213,PossibleBotnet
176.223.209.5,PossibleBotnet
18.136.20.0,PossibleBotnet
192.158.237.226,PossibleBotnet
13.71.1.68,PossibleBotnet
162.144.50.184,PossibleBotnet
109.206.96.20,PossibleBotnet
92.119.123.93,PossibleBotnet
198.1.112.132,PossibleBotnet
212.58.3.66,PossibleBotnet
110.49.109.152,PossibleBotnet
119.212.101.8,PossibleBotnet
210.209.84.109,PossibleBotnet
185.90.56.136,PossibleBotnet
143.95.251.3,PossibleBotnet
89.238.162.51,PossibleBotnet
111.118.183.186,PossibleBotnet
185.10.75.27,PossibleBotnet
185.17.150.121,PossibleBotnet
114.238.147.26,PossibleBotnet
117.95.186.133,PossibleBotnet
51.254.124.3,PossibleBotnet
114.238.216.7,PossibleBotnet
121.226.178.215,PossibleBotnet
183.101.143.208,PossibleBotnet
49.116.47.75,PossibleBotnet
121.226.202.91,PossibleBotnet
221.160.177.226,PossibleBotnet
121.234.239.49,PossibleBotnet
27.213.179.152,PossibleBotnet
121.226.228.159,PossibleBotnet
110.154.211.175,PossibleBotnet
121.180.45.135,PossibleBotnet
1.246.223.58,PossibleBotnet
116.0.20.55,PossibleBotnet
202.67.9.213,PossibleBotnet
58.64.188.251,PossibleBotnet
149.202.93.74,PossibleBotnet
93.90.146.105,PossibleBotnet
180.178.62.107,PossibleBotnet
102.130.115.72,PossibleBotnet
103.14.122.228,PossibleBotnet
150.138.249.209,PossibleBotnet
35.176.251.108,PossibleBotnet
35.247.178.129,PossibleBotnet
195.208.1.100,PossibleBotnet
35.220.209.104,PossibleBotnet
185.143.172.105,PossibleBotnet
148.70.26.160,PossibleBotnet
203.195.194.105,PossibleBotnet
188.131.217.254,PossibleBotnet
118.25.23.231,PossibleBotnet
45.62.196.10,PossibleBotnet
34.90.96.46,PossibleBotnet
139.180.175.95,PossibleBotnet
185.232.248.48,PossibleBotnet
92.63.197.238,PossibleBotnet
147.135.192.204,PossibleBotnet
91.234.34.226,PossibleBotnet
216.38.63.66,PossibleBotnet
166.62.111.174,PossibleBotnet
69.90.139.113,PossibleBotnet
1.246.222.69,PossibleBotnet
171.127.44.108,PossibleBotnet
49.82.200.142,PossibleBotnet
111.42.67.92,PossibleBotnet
111.38.26.196,PossibleBotnet
62.122.195.162,PossibleBotnet
124.118.234.93,PossibleBotnet
110.18.194.204,PossibleBotnet
175.4.164.209,PossibleBotnet
176.113.161.48,PossibleBotnet
120.69.4.252,PossibleBotnet
208.167.238.70,PossibleBotnet
83.143.132.2,PossibleBotnet
180.104.1.86,PossibleBotnet
196.218.3.243,PossibleBotnet
117.95.171.16,PossibleBotnet
49.81.125.252,PossibleBotnet
117.95.86.209,PossibleBotnet
49.68.175.46,PossibleBotnet
162.144.76.246,PossibleBotnet
181.120.255.248,PossibleBotnet
110.4.107.213,PossibleBotnet
87.252.1.21,PossibleBotnet
188.166.7.24,PossibleBotnet
67.222.134.14,PossibleBotnet
195.248.240.35,PossibleBotnet
149.129.116.201,PossibleBotnet
203.162.2.242,PossibleBotnet
42.112.210.49,PossibleBotnet
89.184.89.137,PossibleBotnet
103.254.220.122,PossibleBotnet
77.68.64.0,PossibleBotnet
110.4.45.215,PossibleBotnet
162.144.112.131,PossibleBotnet
51.83.43.45,PossibleBotnet
77.220.125.101,PossibleBotnet
195.74.38.129,PossibleBotnet
95.158.139.252,PossibleBotnet
137.116.229.134,PossibleBotnet
103.9.157.196,PossibleBotnet
167.88.160.135,PossibleBotnet
116.90.165.205,PossibleBotnet
213.186.33.17,PossibleBotnet
154.0.170.4,PossibleBotnet
34.87.59.158,PossibleBotnet
202.134.4.164,PossibleBotnet
210.245.84.75,PossibleBotnet
23.226.129.100,PossibleBotnet
185.53.88.106,PossibleBotnet
51.75.64.6,PossibleBotnet
46.105.57.169,PossibleBotnet
178.87.156.64,PossibleBotnet
82.208.161.228,PossibleBotnet
43.255.154.41,PossibleBotnet
122.114.32.188,PossibleBotnet
166.62.27.185,PossibleBotnet
185.225.236.136,PossibleBotnet
142.93.37.62,PossibleBotnet
111.230.182.251,PossibleBotnet
185.118.166.163,PossibleBotnet
164.132.55.54,PossibleBotnet
64.118.84.21,PossibleBotnet
112.213.84.90,PossibleBotnet
195.16.88.9,PossibleBotnet
203.109.113.155,PossibleBotnet
47.240.71.221,PossibleBotnet
52.172.39.101,PossibleBotnet
91.234.194.113,PossibleBotnet
78.110.50.105,PossibleBotnet
62.209.128.119,PossibleBotnet
164.215.130.66,PossibleBotnet
58.64.190.117,PossibleBotnet
35.238.218.46,PossibleBotnet
222.81.159.227,PossibleBotnet
36.153.190.227,PossibleBotnet
1.246.222.232,PossibleBotnet
222.184.214.204,PossibleBotnet
84.52.86.155,PossibleBotnet
60.162.199.115,PossibleBotnet
176.113.161.119,PossibleBotnet
221.11.215.132,PossibleBotnet
42.225.136.13,PossibleBotnet
221.210.211.6,PossibleBotnet
36.105.151.17,PossibleBotnet
176.113.161.111,PossibleBotnet
103.59.133.32,PossibleBotnet
111.42.67.31,PossibleBotnet
180.116.233.45,PossibleBotnet
122.51.164.83,PossibleBotnet
64.90.186.90,PossibleBotnet
65.182.101.147,PossibleBotnet
88.135.36.50,PossibleBotnet
207.58.133.206,PossibleBotnet
205.144.171.162,PossibleBotnet
205.144.171.178,PossibleBotnet
155.138.209.38,PossibleBotnet
104.20.67.143,PossibleBotnet
195.26.152.206,PossibleBotnet
210.16.187.229,PossibleBotnet
185.15.121.121,PossibleBotnet
202.143.111.152,PossibleBotnet
118.126.113.200,PossibleBotnet
185.67.1.14,PossibleBotnet
104.20.68.143,PossibleBotnet
195.187.31.166,PossibleBotnet
164.52.146.18,PossibleBotnet
185.167.206.11,PossibleBotnet
198.50.218.176,PossibleBotnet
37.9.62.130,PossibleBotnet
202.40.164.185,PossibleBotnet
134.0.10.101,PossibleBotnet
27.131.109.162,PossibleBotnet
87.106.145.218,PossibleBotnet
68.171.16.15,PossibleBotnet
216.15.222.146,PossibleBotnet
94.138.203.230,PossibleBotnet
178.20.253.151,PossibleBotnet
160.153.137.14,PossibleBotnet
213.181.192.30,PossibleBotnet
219.118.65.26,PossibleBotnet
114.141.202.118,PossibleBotnet
41.185.8.145,PossibleBotnet
89.188.8.215,PossibleBotnet
192.99.8.151,PossibleBotnet
62.219.83.87,PossibleBotnet
111.67.192.99,PossibleBotnet
185.221.216.5,PossibleBotnet
79.170.167.100,PossibleBotnet
103.89.84.243,PossibleBotnet
103.45.230.207,PossibleBotnet
192.119.74.238,PossibleBotnet
211.149.146.98,PossibleBotnet
158.58.186.50,PossibleBotnet
46.45.143.38,PossibleBotnet
122.114.221.172,PossibleBotnet
122.114.221.252,PossibleBotnet
49.234.176.213,PossibleBotnet
103.47.192.53,PossibleBotnet
43.255.154.110,PossibleBotnet
123.30.182.81,PossibleBotnet
37.187.73.84,PossibleBotnet
77.68.64.20,PossibleBotnet
39.98.239.189,PossibleBotnet
52.151.26.230,PossibleBotnet
103.216.113.30,PossibleBotnet
67.225.139.208,PossibleBotnet
139.199.212.193,PossibleBotnet
125.212.224.41,PossibleBotnet
103.254.15.13,PossibleBotnet
185.179.24.233,PossibleBotnet
103.195.185.254,PossibleBotnet
27.118.22.26,PossibleBotnet
103.86.50.67,PossibleBotnet
110.10.129.110,PossibleBotnet
150.95.203.198,PossibleBotnet
103.21.182.63,PossibleBotnet
178.22.122.119,PossibleBotnet
103.237.144.231,PossibleBotnet
62.234.155.221,PossibleBotnet
154.215.170.226,PossibleBotnet
148.66.138.115,PossibleBotnet
74.208.236.16,PossibleBotnet
108.179.252.199,PossibleBotnet
103.125.80.26,PossibleBotnet
149.129.118.11,PossibleBotnet
146.112.61.108,PossibleBotnet
35.200.251.97,PossibleBotnet
195.74.38.142,PossibleBotnet
180.124.130.62,PossibleBotnet
116.114.95.206,PossibleBotnet
72.250.42.191,PossibleBotnet
111.38.25.89,PossibleBotnet
218.31.109.243,PossibleBotnet
218.21.171.228,PossibleBotnet
180.115.150.69,PossibleBotnet
116.114.95.142,PossibleBotnet
218.21.170.6,PossibleBotnet
182.254.198.56,PossibleBotnet
103.47.192.52,PossibleBotnet
133.130.109.0,PossibleBotnet
51.79.20.61,PossibleBotnet
69.174.254.112,PossibleBotnet
177.70.106.69,PossibleBotnet
177.70.106.67,PossibleBotnet
85.158.181.31,PossibleBotnet
137.117.224.218,PossibleBotnet
199.79.62.243,PossibleBotnet
216.250.121.38,PossibleBotnet
103.129.99.29,PossibleBotnet
200.98.190.58,PossibleBotnet
150.109.40.184,PossibleBotnet
123.206.201.82,PossibleBotnet
107.180.41.68,PossibleBotnet
198.71.233.44,PossibleBotnet
160.153.59.64,PossibleBotnet
160.153.16.15,PossibleBotnet
23.229.187.165,PossibleBotnet
166.62.28.108,PossibleBotnet
166.62.27.171,PossibleBotnet
107.180.41.165,PossibleBotnet
23.229.190.133,PossibleBotnet
107.180.50.213,PossibleBotnet
160.153.131.139,PossibleBotnet
166.62.27.191,PossibleBotnet
50.62.236.55,PossibleBotnet
107.180.51.77,PossibleBotnet
192.186.204.165,PossibleBotnet
198.71.233.179,PossibleBotnet
166.62.30.158,PossibleBotnet
160.153.137.218,PossibleBotnet
166.62.28.125,PossibleBotnet
160.153.138.219,PossibleBotnet
23.229.235.196,PossibleBotnet
198.71.233.195,PossibleBotnet
132.148.223.73,PossibleBotnet
23.229.129.134,PossibleBotnet
107.180.56.174,PossibleBotnet
198.71.233.7,PossibleBotnet
148.66.138.196,PossibleBotnet
166.62.10.224,PossibleBotnet
162.241.60.14,PossibleBotnet
160.153.129.225,PossibleBotnet
185.182.56.149,PossibleBotnet
217.182.201.122,PossibleBotnet
103.231.192.136,PossibleBotnet
177.12.164.114,PossibleBotnet
160.153.75.2,PossibleBotnet
124.43.8.1,PossibleBotnet
198.71.233.129,PossibleBotnet
185.2.4.50,PossibleBotnet
148.70.195.183,PossibleBotnet
162.241.2.177,PossibleBotnet
150.95.54.225,PossibleBotnet
181.119.65.47,PossibleBotnet
162.159.130.233,PossibleBotnet
116.114.95.44,PossibleBotnet
106.110.54.229,PossibleBotnet
116.114.95.68,PossibleBotnet
1.246.222.245,PossibleBotnet
49.89.68.175,PossibleBotnet
218.21.170.249,PossibleBotnet
185.125.78.195,PossibleBotnet
185.112.156.21,PossibleBotnet
88.218.118.46,PossibleBotnet
212.90.148.7,PossibleBotnet
104.28.0.214,PossibleBotnet
185.5.222.178,PossibleBotnet
183.196.233.193,PossibleBotnet
106.111.145.79,PossibleBotnet
120.69.6.147,PossibleBotnet
13.80.246.61,PossibleBotnet
50.87.225.125,PossibleBotnet
103.109.0.20,PossibleBotnet
115.84.182.41,PossibleBotnet
160.153.131.196,PossibleBotnet
85.187.128.7,PossibleBotnet
103.227.176.20,PossibleBotnet
54.37.202.200,PossibleBotnet
103.59.134.42,PossibleBotnet
1.246.222.36,PossibleBotnet
49.68.244.113,PossibleBotnet
1.246.223.55,PossibleBotnet
27.14.209.131,PossibleBotnet
211.230.143.190,PossibleBotnet
114.239.106.85,PossibleBotnet
116.114.95.7,PossibleBotnet
119.201.89.136,PossibleBotnet
176.113.161.94,PossibleBotnet
220.81.118.108,PossibleBotnet
182.222.195.205,PossibleBotnet
111.38.25.34,PossibleBotnet
1.246.222.107,PossibleBotnet
1.246.222.76,PossibleBotnet
1.246.223.3,PossibleBotnet
176.113.161.89,PossibleBotnet
180.125.83.158,PossibleBotnet
121.226.224.80,PossibleBotnet
116.114.95.86,PossibleBotnet
211.198.237.153,PossibleBotnet
112.254.139.161,PossibleBotnet
1.246.222.153,PossibleBotnet
182.50.132.48,PossibleBotnet
104.248.238.213,PossibleBotnet
47.92.232.131,PossibleBotnet
209.190.46.250,PossibleBotnet
204.152.252.32,PossibleBotnet
178.157.15.86,PossibleBotnet
80.82.116.220,PossibleBotnet
68.66.228.6,PossibleBotnet
185.42.105.1,PossibleBotnet
217.160.5.123,PossibleBotnet
51.178.25.125,PossibleBotnet
107.180.50.184,PossibleBotnet
79.168.118.74,PossibleBotnet
69.10.52.210,PossibleBotnet
35.238.210.148,PossibleBotnet
91.215.216.18,PossibleBotnet
46.242.238.20,PossibleBotnet
66.206.89.205,PossibleBotnet
162.249.125.218,PossibleBotnet
203.175.174.61,PossibleBotnet
89.187.86.8,PossibleBotnet
54.39.27.24,PossibleBotnet
51.83.111.243,PossibleBotnet
104.248.6.102,PossibleBotnet
69.16.249.95,PossibleBotnet
212.108.252.198,PossibleBotnet
134.175.66.207,PossibleBotnet
111.38.26.243,PossibleBotnet
176.113.161.68,PossibleBotnet
1.246.222.234,PossibleBotnet
24.234.131.201,PossibleBotnet
1.246.223.116,PossibleBotnet
1.246.222.237,PossibleBotnet
176.113.161.128,PossibleBotnet
121.233.117.50,PossibleBotnet
121.234.198.116,PossibleBotnet
106.110.116.147,PossibleBotnet
180.104.209.14,PossibleBotnet
49.89.68.212,PossibleBotnet
1.246.222.43,PossibleBotnet
1.246.222.9,PossibleBotnet
114.239.98.80,PossibleBotnet
114.239.8.190,PossibleBotnet
58.218.33.39,PossibleBotnet
118.253.50.60,PossibleBotnet
46.232.165.24,PossibleBotnet
218.35.45.116,PossibleBotnet
176.113.161.60,PossibleBotnet
113.245.219.239,PossibleBotnet
1.246.222.169,PossibleBotnet
27.15.181.87,PossibleBotnet
1.246.223.79,PossibleBotnet
1.246.223.94,PossibleBotnet
218.21.170.11,PossibleBotnet
1.246.222.44,PossibleBotnet
103.21.182.121,PossibleBotnet
160.153.137.163,PossibleBotnet
132.148.211.128,PossibleBotnet
203.226.18.100,PossibleBotnet
101.99.77.41,PossibleBotnet
202.65.138.140,PossibleBotnet
151.80.195.140,PossibleBotnet
50.87.225.151,PossibleBotnet
66.70.197.177,PossibleBotnet
64.40.144.28,PossibleBotnet
167.114.67.137,PossibleBotnet
198.46.81.168,PossibleBotnet
94.46.179.26,PossibleBotnet
89.221.250.47,PossibleBotnet
188.241.222.184,PossibleBotnet
199.204.248.133,PossibleBotnet
2.59.116.2,PossibleBotnet
216.177.140.16,PossibleBotnet
148.251.137.171,PossibleBotnet
62.108.41.20,PossibleBotnet
109.237.218.90,PossibleBotnet
70.158.118.37,PossibleBotnet
207.55.240.14,PossibleBotnet
91.136.48.141,PossibleBotnet
199.168.185.106,PossibleBotnet
199.79.62.18,PossibleBotnet
43.242.129.211,PossibleBotnet
177.185.206.84,PossibleBotnet
144.48.36.145,PossibleBotnet
190.105.239.73,PossibleBotnet
82.223.187.42,PossibleBotnet
43.245.53.32,PossibleBotnet
185.162.171.148,PossibleBotnet
185.68.16.86,PossibleBotnet
210.211.113.133,PossibleBotnet
109.234.160.22,PossibleBotnet
86.109.170.64,PossibleBotnet
185.68.16.179,PossibleBotnet
162.144.23.210,PossibleBotnet
112.175.184.3,PossibleBotnet
209.182.196.32,PossibleBotnet
109.234.161.33,PossibleBotnet
23.235.214.87,PossibleBotnet
37.77.255.110,PossibleBotnet
66.113.109.59,PossibleBotnet
191.6.202.101,PossibleBotnet
94.199.178.141,PossibleBotnet
144.76.152.182,PossibleBotnet
210.245.8.106,PossibleBotnet
162.241.26.32,PossibleBotnet
198.74.52.155,PossibleBotnet
199.204.248.136,PossibleBotnet
132.148.61.1,PossibleBotnet
183.221.125.206,PossibleBotnet
43.245.53.16,PossibleBotnet
93.191.156.122,PossibleBotnet
203.20.110.26,PossibleBotnet
89.149.33.3,PossibleBotnet
51.38.123.161,PossibleBotnet
212.108.234.40,PossibleBotnet
185.182.56.11,PossibleBotnet
185.6.139.5,PossibleBotnet
80.94.52.24,PossibleBotnet
109.234.162.45,PossibleBotnet
198.50.170.4,PossibleBotnet
190.61.250.180,PossibleBotnet
104.152.168.23,PossibleBotnet
207.174.214.139,PossibleBotnet
195.249.40.54,PossibleBotnet
139.99.148.77,PossibleBotnet
185.182.56.93,PossibleBotnet
192.99.111.80,PossibleBotnet
167.114.174.199,PossibleBotnet
199.204.248.134,PossibleBotnet
113.53.228.69,PossibleBotnet
185.6.139.2,PossibleBotnet
202.52.147.117,PossibleBotnet
162.241.30.59,PossibleBotnet
111.67.12.221,PossibleBotnet
5.134.122.149,PossibleBotnet
45.122.222.238,PossibleBotnet
195.30.107.43,PossibleBotnet
162.144.177.116,PossibleBotnet
5.22.252.43,PossibleBotnet
81.26.221.78,PossibleBotnet
1.246.223.146,PossibleBotnet
1.246.223.54,PossibleBotnet
111.67.22.209,PossibleBotnet
149.56.192.233,PossibleBotnet
68.66.234.65,PossibleBotnet
37.130.152.30,PossibleBotnet
69.16.237.163,PossibleBotnet
200.55.243.138,PossibleBotnet
185.181.124.24,PossibleBotnet
216.119.90.31,PossibleBotnet
199.16.153.34,PossibleBotnet
66.113.224.159,PossibleBotnet
104.37.175.73,PossibleBotnet
68.66.200.197,PossibleBotnet
198.1.106.165,PossibleBotnet
200.43.192.5,PossibleBotnet
115.166.150.132,PossibleBotnet
216.117.161.178,PossibleBotnet
27.102.206.84,PossibleBotnet
64.73.217.183,PossibleBotnet
87.118.13.206,PossibleBotnet
91.228.7.147,PossibleBotnet
45.64.105.11,PossibleBotnet
166.62.111.84,PossibleBotnet
195.182.210.90,PossibleBotnet
203.25.227.80,PossibleBotnet
198.46.81.169,PossibleBotnet
185.104.29.54,PossibleBotnet
203.170.192.181,PossibleBotnet
173.254.251.250,PossibleBotnet
185.34.216.164,PossibleBotnet
216.194.165.88,PossibleBotnet
198.57.154.79,PossibleBotnet
185.92.200.10,PossibleBotnet
87.98.246.218,PossibleBotnet
109.237.214.116,PossibleBotnet
134.0.14.242,PossibleBotnet
198.71.233.135,PossibleBotnet
109.199.123.138,PossibleBotnet
122.114.220.220,PossibleBotnet
83.220.141.232,PossibleBotnet
96.44.142.42,PossibleBotnet
209.205.209.18,PossibleBotnet
34.92.45.162,PossibleBotnet
217.160.0.179,PossibleBotnet
185.164.72.129,PossibleBotnet
113.163.187.188,PossibleBotnet
204.11.58.87,PossibleBotnet
188.131.205.85,PossibleBotnet
45.124.64.229,PossibleBotnet
185.9.147.250,PossibleBotnet
107.180.51.80,PossibleBotnet
117.53.152.75,PossibleBotnet
192.186.235.1,PossibleBotnet
107.180.46.147,PossibleBotnet
166.62.28.133,PossibleBotnet
31.11.34.65,PossibleBotnet
43.255.154.96,PossibleBotnet
166.62.73.130,PossibleBotnet
69.176.88.13,PossibleBotnet
166.62.10.136,PossibleBotnet
160.153.137.210,PossibleBotnet
89.46.106.62,PossibleBotnet
107.180.56.177,PossibleBotnet
198.71.233.163,PossibleBotnet
43.255.154.46,PossibleBotnet
166.62.6.79,PossibleBotnet
35.204.119.129,PossibleBotnet
166.62.77.225,PossibleBotnet
166.62.27.186,PossibleBotnet
160.153.34.65,PossibleBotnet
107.180.51.25,PossibleBotnet
107.175.64.210,PossibleBotnet
43.255.154.47,PossibleBotnet
148.66.136.120,PossibleBotnet
77.81.228.56,PossibleBotnet
162.241.217.135,PossibleBotnet
134.73.55.3,PossibleBotnet
192.185.113.157,PossibleBotnet
39.105.106.98,PossibleBotnet
47.95.15.58,PossibleBotnet
85.13.163.138,PossibleBotnet
173.254.250.2,PossibleBotnet
87.76.19.72,PossibleBotnet
217.160.0.23,PossibleBotnet
88.218.118.85,PossibleBotnet
171.22.26.31,PossibleBotnet
137.116.153.238,PossibleBotnet
149.129.83.69,PossibleBotnet
202.29.30.101,PossibleBotnet
116.255.212.141,PossibleBotnet
93.179.112.97,PossibleBotnet
47.56.66.30,PossibleBotnet
212.59.104.41,PossibleBotnet
152.149.16.55,PossibleBotnet
94.101.82.210,PossibleBotnet
45.249.247.68,PossibleBotnet
58.218.208.10,PossibleBotnet
37.9.175.26,PossibleBotnet
103.83.81.144,PossibleBotnet
45.113.121.152,PossibleBotnet
104.27.188.218,PossibleBotnet
172.81.242.142,PossibleBotnet
69.49.101.57,PossibleBotnet
201.149.83.179,PossibleBotnet
115.159.34.124,PossibleBotnet
221.132.31.185,PossibleBotnet
185.164.72.156,PossibleBotnet
140.249.60.225,PossibleBotnet
103.254.12.54,PossibleBotnet
162.212.129.161,PossibleBotnet
45.77.200.106,PossibleBotnet
40.112.93.223,PossibleBotnet
171.22.27.11,PossibleBotnet
45.88.77.131,PossibleBotnet
50.78.15.50,PossibleBotnet
82.81.55.198,PossibleBotnet
46.198.153.15,PossibleBotnet
103.28.148.82,PossibleBotnet
58.64.128.51,PossibleBotnet
119.40.117.169,PossibleBotnet
42.112.25.153,PossibleBotnet
71.236.30.237,PossibleBotnet
196.45.48.48,PossibleBotnet
217.70.186.105,PossibleBotnet
23.228.113.244,PossibleBotnet
65.175.102.183,PossibleBotnet
143.137.191.3,PossibleBotnet
173.0.129.42,PossibleBotnet
46.148.26.95,PossibleBotnet
149.28.199.184,PossibleBotnet
93.89.232.11,PossibleBotnet
43.231.127.44,PossibleBotnet
208.115.234.234,PossibleBotnet
5.61.27.159,PossibleBotnet
94.53.120.109,PossibleBotnet
118.25.222.31,PossibleBotnet
185.51.203.29,PossibleBotnet
37.142.118.95,PossibleBotnet
49.82.8.106,PossibleBotnet
5.198.241.29,PossibleBotnet
202.95.14.219,PossibleBotnet
144.217.7.29,PossibleBotnet
104.148.42.209,PossibleBotnet
176.57.71.68,PossibleBotnet
70.119.17.40,PossibleBotnet
125.212.250.163,PossibleBotnet
82.81.3.76,PossibleBotnet
163.44.169.13,PossibleBotnet
150.95.186.55,PossibleBotnet
196.41.122.224,PossibleBotnet
213.57.74.57,PossibleBotnet
205.144.171.195,PossibleBotnet
103.117.212.202,PossibleBotnet
111.90.142.83,PossibleBotnet
101.132.248.3,PossibleBotnet
121.180.201.147,PossibleBotnet
173.236.144.115,PossibleBotnet
109.123.72.70,PossibleBotnet
185.26.144.37,PossibleBotnet
62.77.254.6,PossibleBotnet
162.241.24.53,PossibleBotnet
37.28.153.83,PossibleBotnet
5.154.177.212,PossibleBotnet
211.57.194.109,PossibleBotnet
178.212.53.57,PossibleBotnet
104.27.189.218,PossibleBotnet
31.11.34.90,PossibleBotnet
50.87.253.80,PossibleBotnet
203.151.59.30,PossibleBotnet
185.160.31.16,PossibleBotnet
212.57.32.76,PossibleBotnet
162.252.87.100,PossibleBotnet
23.235.202.92,PossibleBotnet
86.109.170.40,PossibleBotnet
132.148.245.222,PossibleBotnet
93.190.40.86,PossibleBotnet
123.30.168.120,PossibleBotnet
115.124.100.72,PossibleBotnet
120.25.224.1,PossibleBotnet
140.143.52.212,PossibleBotnet
106.52.96.120,PossibleBotnet
205.144.171.81,PossibleBotnet
87.97.154.37,PossibleBotnet
68.66.216.39,PossibleBotnet
157.7.188.227,PossibleBotnet
111.38.26.184,PossibleBotnet
1.53.252.39,PossibleBotnet
177.55.109.50,PossibleBotnet
91.215.216.10,PossibleBotnet
74.124.213.57,PossibleBotnet
123.30.139.114,PossibleBotnet
209.141.38.41,PossibleBotnet
192.186.11.172,PossibleBotnet
209.250.253.243,PossibleBotnet
205.144.171.198,PossibleBotnet
195.74.38.63,PossibleBotnet
173.82.152.148,PossibleBotnet
102.130.118.69,PossibleBotnet
143.95.232.92,PossibleBotnet
37.252.71.233,PossibleBotnet
180.235.151.11,PossibleBotnet
205.144.171.77,PossibleBotnet
103.1.208.216,PossibleBotnet
209.141.55.182,PossibleBotnet
171.22.26.10,PossibleBotnet
119.23.64.35,PossibleBotnet
46.183.139.239,PossibleBotnet
39.97.245.115,PossibleBotnet
68.66.224.39,PossibleBotnet
118.25.26.75,PossibleBotnet
103.26.96.8,PossibleBotnet
54.38.210.181,PossibleBotnet
213.7.222.78,PossibleBotnet
103.10.169.161,PossibleBotnet
103.25.209.130,PossibleBotnet
114.31.241.162,PossibleBotnet
186.188.253.61,PossibleBotnet
197.242.89.253,PossibleBotnet
113.30.140.28,PossibleBotnet
49.232.14.55,PossibleBotnet
77.105.36.204,PossibleBotnet
122.114.213.221,PossibleBotnet
103.221.221.134,PossibleBotnet
47.96.31.93,PossibleBotnet
210.3.149.114,PossibleBotnet
123.56.134.20,PossibleBotnet
41.226.27.72,PossibleBotnet
210.209.84.163,PossibleBotnet
176.223.209.7,PossibleBotnet
193.176.78.159,PossibleBotnet
89.46.107.228,PossibleBotnet
89.216.167.239,PossibleBotnet
178.57.216.240,PossibleBotnet
142.93.185.197,PossibleBotnet
156.67.212.220,PossibleBotnet
23.111.175.170,PossibleBotnet
193.200.160.40,PossibleBotnet
171.22.26.35,PossibleBotnet
121.169.177.87,PossibleBotnet
47.98.241.4,PossibleBotnet
204.15.67.17,PossibleBotnet
185.43.19.151,PossibleBotnet
61.63.188.60,PossibleBotnet
110.49.109.156,PossibleBotnet
100.16.215.164,PossibleBotnet
85.97.207.119,PossibleBotnet
185.9.156.86,PossibleBotnet
103.1.236.207,PossibleBotnet
91.212.213.19,PossibleBotnet
83.170.193.178,PossibleBotnet
64.150.209.192,PossibleBotnet
5.144.130.32,PossibleBotnet
103.242.233.79,PossibleBotnet
192.186.231.4,PossibleBotnet
109.168.123.43,PossibleBotnet
202.129.206.136,PossibleBotnet
188.93.125.34,PossibleBotnet
180.176.211.171,PossibleBotnet
163.172.80.56,PossibleBotnet
58.64.157.132,PossibleBotnet
185.44.112.103,PossibleBotnet
73.226.139.245,PossibleBotnet
59.110.236.234,PossibleBotnet
63.247.87.2,PossibleBotnet
162.241.2.15,PossibleBotnet
78.26.189.92,PossibleBotnet
185.126.218.170,PossibleBotnet
58.215.145.134,PossibleBotnet
58.218.215.166,PossibleBotnet
58.218.215.165,PossibleBotnet
166.62.28.97,PossibleBotnet
209.99.16.206,PossibleBotnet
45.60.98.215,PossibleBotnet
45.60.22.215,PossibleBotnet
69.167.149.16,PossibleBotnet
207.55.244.103,PossibleBotnet
163.172.216.236,PossibleBotnet
66.96.131.149,PossibleBotnet
66.96.147.117,PossibleBotnet
185.226.160.250,PossibleBotnet
79.122.96.30,PossibleBotnet
61.14.233.79,PossibleBotnet
128.106.183.24,PossibleBotnet
108.214.240.100,PossibleBotnet
92.84.165.203,PossibleBotnet
37.255.193.232,PossibleBotnet
218.11.8.104,PossibleBotnet
220.194.223.71,PossibleBotnet
121.31.30.201,PossibleBotnet
218.11.11.221,PossibleBotnet
218.11.11.245,PossibleBotnet
218.11.11.246,PossibleBotnet
103.233.102.8,PossibleBotnet
104.31.68.178,PossibleBotnet
104.31.69.178,PossibleBotnet
139.5.177.19,PossibleBotnet
92.63.192.128,PossibleBotnet
139.5.177.10,PossibleBotnet
154.204.32.196,PossibleBotnet
185.112.250.128,PossibleBotnet
101.99.90.78,PossibleBotnet
194.180.224.100,PossibleBotnet
216.246.108.45,PossibleBotnet
69.31.136.57,PossibleBotnet
107.178.96.81,PossibleBotnet
205.144.171.173,PossibleBotnet
196.41.130.152,PossibleBotnet
98.21.251.169,PossibleBotnet
162.241.253.228,PossibleBotnet
190.121.126.107,PossibleBotnet
62.149.140.202,PossibleBotnet
216.55.149.9,PossibleBotnet
122.114.221.93,PossibleBotnet
5.101.152.144,PossibleBotnet
92.222.83.23,PossibleBotnet
192.155.162.24,PossibleBotnet
146.66.91.191,PossibleBotnet
85.119.149.18,PossibleBotnet
175.177.0.147,PossibleBotnet
82.81.44.203,PossibleBotnet
64.20.36.234,PossibleBotnet
161.117.231.219,PossibleBotnet
154.221.23.205,PossibleBotnet
146.196.65.44,PossibleBotnet
81.218.187.113,PossibleBotnet
35.239.243.107,PossibleBotnet
107.173.162.190,PossibleBotnet
198.71.233.106,PossibleBotnet
104.24.114.192,PossibleBotnet
98.124.251.75,PossibleBotnet
13.107.42.13,PossibleBotnet
117.21.225.194,PossibleBotnet
85.187.154.178,PossibleBotnet
47.187.120.184,PossibleBotnet
209.159.155.2,PossibleBotnet
205.134.241.201,PossibleBotnet
109.95.156.4,PossibleBotnet
58.114.245.23,PossibleBotnet
186.34.4.40,PossibleBotnet
213.157.215.229,PossibleBotnet
82.80.176.116,PossibleBotnet
59.63.238.240,PossibleBotnet
109.104.197.153,PossibleBotnet
104.247.76.44,PossibleBotnet
205.144.171.12,PossibleBotnet
104.33.13.36,PossibleBotnet
58.215.145.152,PossibleBotnet
47.95.85.22,PossibleBotnet
5.206.227.65,PossibleBotnet
62.103.77.120,PossibleBotnet
86.18.117.139,PossibleBotnet
210.126.15.27,PossibleBotnet
173.25.113.8,PossibleBotnet
91.208.144.164,PossibleBotnet
109.95.158.146,PossibleBotnet
175.41.26.133,PossibleBotnet
122.114.108.78,PossibleBotnet
110.45.144.173,PossibleBotnet
50.198.129.242,PossibleBotnet
171.22.26.39,PossibleBotnet
185.199.108.153,PossibleBotnet
185.199.111.153,PossibleBotnet
68.174.119.7,PossibleBotnet
2.56.8.146,PossibleBotnet
82.81.172.94,PossibleBotnet
173.214.162.133,PossibleBotnet
110.4.45.236,PossibleBotnet
209.177.81.223,PossibleBotnet
183.102.238.212,PossibleBotnet
212.143.172.30,PossibleBotnet
45.238.247.217,PossibleBotnet
185.36.190.239,PossibleBotnet
122.155.184.54,PossibleBotnet
188.93.90.243,PossibleBotnet
34.77.197.252,PossibleBotnet
108.237.60.93,PossibleBotnet
82.81.197.254,PossibleBotnet
51.75.201.142,PossibleBotnet
81.213.141.184,PossibleBotnet
75.127.141.52,PossibleBotnet
173.230.252.29,PossibleBotnet
68.66.224.28,PossibleBotnet
79.79.58.94,PossibleBotnet
62.101.62.66,PossibleBotnet
120.52.33.2,PossibleBotnet
91.206.6.94,PossibleBotnet
85.97.201.58,PossibleBotnet
35.141.217.189,PossibleBotnet
103.58.148.214,PossibleBotnet
66.70.246.65,PossibleBotnet
178.210.173.10,PossibleBotnet
172.90.37.142,PossibleBotnet
94.46.46.143,PossibleBotnet
178.32.231.107,PossibleBotnet
103.1.250.236,PossibleBotnet
61.68.40.199,PossibleBotnet
173.231.213.132,PossibleBotnet
185.117.89.221,PossibleBotnet
136.243.95.77,PossibleBotnet
89.35.39.74,PossibleBotnet
195.252.110.146,PossibleBotnet
118.98.75.67,PossibleBotnet
134.175.160.175,PossibleBotnet
166.62.30.155,PossibleBotnet
185.83.88.108,PossibleBotnet
65.182.101.179,PossibleBotnet
34.94.179.248,PossibleBotnet
217.8.117.22,PossibleBotnet
80.67.160.70,PossibleBotnet
181.214.31.82,PossibleBotnet
96.73.221.114,PossibleBotnet
104.31.85.85,PossibleBotnet
60.198.180.122,PossibleBotnet
72.234.57.0,PossibleBotnet
50.250.94.153,PossibleBotnet
94.73.150.132,PossibleBotnet
94.73.172.10,PossibleBotnet
122.228.238.94,PossibleBotnet
111.202.98.25,PossibleBotnet
185.141.63.172,PossibleBotnet
58.215.145.137,PossibleBotnet
219.68.1.148,PossibleBotnet
103.28.36.173,PossibleBotnet
91.149.191.182,PossibleBotnet
93.179.69.204,PossibleBotnet
185.103.197.57,PossibleBotnet
103.127.196.201,PossibleBotnet
192.155.90.244,PossibleBotnet
212.154.200.86,PossibleBotnet
72.89.84.172,PossibleBotnet
142.54.176.178,PossibleBotnet
192.0.72.26,PossibleBotnet
148.163.124.15,PossibleBotnet
85.105.165.236,PossibleBotnet
212.113.144.151,PossibleBotnet
82.200.247.241,PossibleBotnet
23.135.144.210,PossibleBotnet
61.247.224.66,PossibleBotnet
73.232.103.212,PossibleBotnet
182.160.125.229,PossibleBotnet
113.1.0.98,PossibleBotnet
103.50.162.86,PossibleBotnet
82.103.90.22,PossibleBotnet
185.112.249.62,PossibleBotnet
172.217.23.142,PossibleBotnet
220.194.87.190,PossibleBotnet
2.185.150.180,PossibleBotnet
108.246.79.90,PossibleBotnet
46.149.115.120,PossibleBotnet
91.216.107.112,PossibleBotnet
205.186.175.148,PossibleBotnet
185.104.45.8,PossibleBotnet
205.186.183.121,PossibleBotnet
222.241.7.148,PossibleBotnet
101.89.125.232,PossibleBotnet
2.38.109.52,PossibleBotnet
58.40.122.158,PossibleBotnet
185.172.110.210,PossibleBotnet
120.41.41.8,PossibleBotnet
199.204.248.102,PossibleBotnet
180.177.242.73,PossibleBotnet
162.159.209.35,PossibleBotnet
162.159.208.35,PossibleBotnet
12.178.187.9,PossibleBotnet
186.122.73.201,PossibleBotnet
77.108.122.125,PossibleBotnet
85.187.129.190,PossibleBotnet
58.226.141.44,PossibleBotnet
104.18.54.60,PossibleBotnet
72.34.59.74,PossibleBotnet
70.32.23.32,PossibleBotnet
104.154.135.162,PossibleBotnet
31.192.214.172,PossibleBotnet
96.65.114.33,PossibleBotnet
93.73.99.102,PossibleBotnet
89.76.238.203,PossibleBotnet
89.216.122.78,PossibleBotnet
82.177.126.97,PossibleBotnet
77.71.52.220,PossibleBotnet
66.96.252.2,PossibleBotnet
65.28.45.88,PossibleBotnet
41.205.81.10,PossibleBotnet
36.67.152.163,PossibleBotnet
202.162.199.140,PossibleBotnet
197.159.2.106,PossibleBotnet
190.185.117.61,PossibleBotnet
188.169.229.190,PossibleBotnet
181.49.59.162,PossibleBotnet
103.50.4.235,PossibleBotnet
103.237.173.218,PossibleBotnet
171.22.26.110,PossibleBotnet
36.91.190.115,PossibleBotnet
212.186.128.58,PossibleBotnet
193.93.18.58,PossibleBotnet
188.243.5.75,PossibleBotnet
120.50.27.174,PossibleBotnet
103.139.219.9,PossibleBotnet
46.20.63.218,PossibleBotnet
37.193.116.116,PossibleBotnet
27.112.67.181,PossibleBotnet
113.11.120.206,PossibleBotnet
84.241.16.78,PossibleBotnet
46.72.31.77,PossibleBotnet
41.77.74.146,PossibleBotnet
46.252.240.78,PossibleBotnet
181.199.26.39,PossibleBotnet
181.112.33.222,PossibleBotnet
188.169.229.202,PossibleBotnet
185.136.193.1,PossibleBotnet
176.14.234.5,PossibleBotnet
159.224.74.112,PossibleBotnet
43.252.8.94,PossibleBotnet
103.70.146.125,PossibleBotnet
36.67.42.193,PossibleBotnet
91.242.149.158,PossibleBotnet
91.216.149.130,PossibleBotnet
77.79.191.32,PossibleBotnet
41.139.209.46,PossibleBotnet
186.47.233.14,PossibleBotnet
186.232.44.86,PossibleBotnet
186.120.84.242,PossibleBotnet
12.163.111.91,PossibleBotnet
12.110.214.154,PossibleBotnet
76.84.134.33,PossibleBotnet
187.12.10.98,PossibleBotnet
181.112.138.154,PossibleBotnet
138.117.6.232,PossibleBotnet
36.67.152.161,PossibleBotnet
200.69.74.28,PossibleBotnet
200.107.7.242,PossibleBotnet
186.67.64.84,PossibleBotnet
176.214.78.192,PossibleBotnet
130.185.247.85,PossibleBotnet
115.85.65.211,PossibleBotnet
78.8.225.77,PossibleBotnet
70.39.15.94,PossibleBotnet
185.14.250.199,PossibleBotnet
178.34.183.30,PossibleBotnet
212.126.105.118,PossibleBotnet
190.119.207.58,PossibleBotnet
110.172.188.221,PossibleBotnet
43.225.251.190,PossibleBotnet
212.244.210.26,PossibleBotnet
201.234.138.92,PossibleBotnet
181.224.242.131,PossibleBotnet
173.178.157.144,PossibleBotnet
82.142.162.10,PossibleBotnet
49.156.44.62,PossibleBotnet
197.96.148.146,PossibleBotnet
12.249.173.210,PossibleBotnet
36.66.190.11,PossibleBotnet
202.4.124.58,PossibleBotnet
202.166.198.243,PossibleBotnet
181.210.52.210,PossibleBotnet
103.31.47.214,PossibleBotnet
189.91.80.82,PossibleBotnet
95.156.65.14,PossibleBotnet
103.66.198.178,PossibleBotnet
79.98.129.102,PossibleBotnet
181.224.243.120,PossibleBotnet
109.199.126.127,PossibleBotnet
79.7.35.173,PossibleBotnet
45.125.239.211,PossibleBotnet
95.170.220.206,PossibleBotnet
202.149.90.98,PossibleBotnet
103.42.252.130,PossibleBotnet
77.52.180.138,PossibleBotnet
62.183.37.130,PossibleBotnet
45.165.180.249,PossibleBotnet
188.191.29.210,PossibleBotnet
118.97.87.162,PossibleBotnet
207.55.248.16,PossibleBotnet
192.124.249.157,PossibleBotnet
182.160.101.51,PossibleBotnet
82.207.61.194,PossibleBotnet
69.146.30.52,PossibleBotnet
185.136.193.70,PossibleBotnet
79.172.237.8,PossibleBotnet
177.38.182.70,PossibleBotnet
190.130.22.78,PossibleBotnet
47.110.40.3,PossibleBotnet
81.2.195.72,PossibleBotnet
89.221.91.234,PossibleBotnet
5.57.133.136,PossibleBotnet
5.101.213.234,PossibleBotnet
49.156.39.190,PossibleBotnet
41.79.234.90,PossibleBotnet
45.221.78.166,PossibleBotnet
49.236.213.248,PossibleBotnet
80.107.89.207,PossibleBotnet
190.214.24.194,PossibleBotnet
110.74.209.190,PossibleBotnet
110.34.3.142,PossibleBotnet
49.156.44.134,PossibleBotnet
210.4.69.22,PossibleBotnet
103.47.239.254,PossibleBotnet
178.210.34.78,PossibleBotnet
62.162.115.194,PossibleBotnet
36.66.105.159,PossibleBotnet
203.83.174.227,PossibleBotnet
191.253.24.14,PossibleBotnet
190.103.31.142,PossibleBotnet
125.209.97.150,PossibleBotnet
107.178.115.78,PossibleBotnet
103.117.180.2,PossibleBotnet
139.129.230.201,PossibleBotnet
200.25.0.133,PossibleBotnet
45.56.101.4,PossibleBotnet
217.26.70.100,PossibleBotnet
187.17.96.37,PossibleBotnet
98.0.225.195,PossibleBotnet
88.199.42.25,PossibleBotnet
5.58.20.148,PossibleBotnet
5.228.23.64,PossibleBotnet
203.80.171.138,PossibleBotnet
190.130.20.14,PossibleBotnet
181.210.55.167,PossibleBotnet
178.169.165.90,PossibleBotnet
165.73.60.72,PossibleBotnet
163.53.186.70,PossibleBotnet
114.69.238.107,PossibleBotnet
103.49.56.38,PossibleBotnet
103.133.206.220,PossibleBotnet
66.84.0.130,PossibleBotnet
172.245.159.136,PossibleBotnet
98.199.230.127,PossibleBotnet
93.125.99.125,PossibleBotnet
210.245.90.206,PossibleBotnet
196.218.202.115,PossibleBotnet
89.215.174.46,PossibleBotnet
37.195.242.147,PossibleBotnet
31.44.54.110,PossibleBotnet
213.16.63.103,PossibleBotnet
195.28.15.110,PossibleBotnet
109.248.156.105,PossibleBotnet
96.9.67.10,PossibleBotnet
68.205.122.33,PossibleBotnet
62.117.124.114,PossibleBotnet
216.15.112.251,PossibleBotnet
195.58.16.121,PossibleBotnet
194.50.50.249,PossibleBotnet
193.95.254.50,PossibleBotnet
186.73.101.186,PossibleBotnet
181.174.34.194,PossibleBotnet
178.124.182.187,PossibleBotnet
159.224.23.120,PossibleBotnet
111.68.120.37,PossibleBotnet
95.170.201.34,PossibleBotnet
94.244.113.217,PossibleBotnet
82.114.95.186,PossibleBotnet
43.230.159.66,PossibleBotnet
36.66.168.45,PossibleBotnet
31.28.244.241,PossibleBotnet
212.56.197.230,PossibleBotnet
202.40.177.74,PossibleBotnet
200.85.168.202,PossibleBotnet
194.208.91.114,PossibleBotnet
190.92.4.231,PossibleBotnet
178.134.248.74,PossibleBotnet
177.12.156.246,PossibleBotnet
165.90.16.5,PossibleBotnet
103.47.57.204,PossibleBotnet
95.86.56.174,PossibleBotnet
95.58.30.10,PossibleBotnet
95.172.45.30,PossibleBotnet
95.167.138.250,PossibleBotnet
95.161.150.22,PossibleBotnet
94.182.19.246,PossibleBotnet
92.51.127.94,PossibleBotnet
92.114.191.82,PossibleBotnet
91.244.169.139,PossibleBotnet
91.244.114.198,PossibleBotnet
91.187.103.32,PossibleBotnet
89.46.237.89,PossibleBotnet
89.40.85.166,PossibleBotnet
89.215.233.24,PossibleBotnet
83.234.147.99,PossibleBotnet
82.211.156.38,PossibleBotnet
81.31.230.250,PossibleBotnet
81.23.187.38,PossibleBotnet
81.16.240.178,PossibleBotnet
81.15.197.40,PossibleBotnet
80.76.236.66,PossibleBotnet
80.55.104.202,PossibleBotnet
80.250.84.118,PossibleBotnet
78.96.154.159,PossibleBotnet
78.153.48.4,PossibleBotnet
78.128.95.94,PossibleBotnet
70.89.116.46,PossibleBotnet
5.8.208.49,PossibleBotnet
5.22.192.210,PossibleBotnet
46.172.75.231,PossibleBotnet
45.115.253.82,PossibleBotnet
45.114.68.156,PossibleBotnet
43.240.80.66,PossibleBotnet
41.215.247.183,PossibleBotnet
41.204.79.18,PossibleBotnet
41.190.70.238,PossibleBotnet
37.29.67.145,PossibleBotnet
37.235.162.131,PossibleBotnet
37.17.21.242,PossibleBotnet
36.89.18.133,PossibleBotnet
31.172.177.148,PossibleBotnet
27.3.122.71,PossibleBotnet
24.135.173.90,PossibleBotnet
218.255.247.58,PossibleBotnet
217.145.193.216,PossibleBotnet
216.36.12.98,PossibleBotnet
213.27.8.6,PossibleBotnet
213.157.39.242,PossibleBotnet
213.108.116.120,PossibleBotnet
212.46.197.114,PossibleBotnet
212.126.125.226,PossibleBotnet
212.106.159.124,PossibleBotnet
208.163.58.18,PossibleBotnet
206.201.0.41,PossibleBotnet
203.80.171.149,PossibleBotnet
203.202.246.246,PossibleBotnet
203.193.173.179,PossibleBotnet
203.193.156.43,PossibleBotnet
203.188.242.148,PossibleBotnet
203.130.214.235,PossibleBotnet
202.74.236.9,PossibleBotnet
202.51.176.114,PossibleBotnet
201.160.78.20,PossibleBotnet
200.30.132.50,PossibleBotnet
200.105.167.98,PossibleBotnet
197.254.84.218,PossibleBotnet
197.254.106.78,PossibleBotnet
190.185.119.13,PossibleBotnet
190.130.15.212,PossibleBotnet
189.127.33.22,PossibleBotnet
188.242.242.144,PossibleBotnet
188.240.46.100,PossibleBotnet
188.169.178.50,PossibleBotnet
187.76.62.90,PossibleBotnet
187.12.151.166,PossibleBotnet
186.233.99.6,PossibleBotnet
186.208.106.34,PossibleBotnet
185.34.16.231,PossibleBotnet
185.171.52.238,PossibleBotnet
181.224.243.167,PossibleBotnet
178.165.122.141,PossibleBotnet
178.151.143.2,PossibleBotnet
178.150.54.4,PossibleBotnet
178.136.195.90,PossibleBotnet
177.125.227.85,PossibleBotnet
174.2.176.60,PossibleBotnet
159.255.165.210,PossibleBotnet
144.139.171.97,PossibleBotnet
144.136.155.166,PossibleBotnet
14.102.17.222,PossibleBotnet
1.220.9.68,PossibleBotnet
121.66.36.138,PossibleBotnet
113.11.95.254,PossibleBotnet
106.242.20.219,PossibleBotnet
103.93.178.236,PossibleBotnet
103.76.20.197,PossibleBotnet
103.210.31.84,PossibleBotnet
102.176.161.4,PossibleBotnet
102.141.240.139,PossibleBotnet
101.255.54.38,PossibleBotnet
202.181.24.25,PossibleBotnet
202.181.24.83,PossibleBotnet
1.247.221.141,PossibleBotnet
94.127.219.90,PossibleBotnet
91.187.119.26,PossibleBotnet
83.16.251.58,PossibleBotnet
45.168.124.66,PossibleBotnet
213.92.198.8,PossibleBotnet
202.74.242.143,PossibleBotnet
200.111.189.70,PossibleBotnet
188.133.189.193,PossibleBotnet
185.110.28.51,PossibleBotnet
14.141.80.58,PossibleBotnet
71.15.115.220,PossibleBotnet
43.228.221.141,PossibleBotnet
177.23.184.117,PossibleBotnet
14.102.18.189,PossibleBotnet
109.167.200.82,PossibleBotnet
94.154.82.190,PossibleBotnet
203.202.245.77,PossibleBotnet
202.191.124.185,PossibleBotnet
185.94.172.29,PossibleBotnet
170.254.224.37,PossibleBotnet
103.73.166.69,PossibleBotnet
93.77.112.130,PossibleBotnet
92.241.143.9,PossibleBotnet
91.221.177.94,PossibleBotnet
91.191.32.34,PossibleBotnet
77.46.163.158,PossibleBotnet
194.44.176.157,PossibleBotnet
191.102.123.132,PossibleBotnet
186.227.145.138,PossibleBotnet
123.200.4.142,PossibleBotnet
120.29.81.99,PossibleBotnet
119.2.48.159,PossibleBotnet
103.77.157.11,PossibleBotnet
69.63.73.234,PossibleBotnet
69.59.193.64,PossibleBotnet
36.66.133.125,PossibleBotnet
194.187.149.17,PossibleBotnet
125.209.71.6,PossibleBotnet
83.253.194.147,PossibleBotnet
46.39.255.148,PossibleBotnet
190.92.46.42,PossibleBotnet
190.12.4.98,PossibleBotnet
103.219.112.66,PossibleBotnet
95.210.1.42,PossibleBotnet
91.205.70.177,PossibleBotnet
85.238.105.94,PossibleBotnet
85.187.253.219,PossibleBotnet
69.146.232.34,PossibleBotnet
62.1.98.131,PossibleBotnet
46.161.185.15,PossibleBotnet
36.91.203.37,PossibleBotnet
190.214.52.142,PossibleBotnet
190.214.31.174,PossibleBotnet
190.187.55.150,PossibleBotnet
190.130.31.152,PossibleBotnet
182.75.80.150,PossibleBotnet
182.16.175.154,PossibleBotnet
181.196.144.130,PossibleBotnet
181.177.141.168,PossibleBotnet
180.211.94.222,PossibleBotnet
178.134.61.94,PossibleBotnet
141.0.178.134,PossibleBotnet
119.159.224.154,PossibleBotnet
109.86.168.132,PossibleBotnet
101.78.18.142,PossibleBotnet
63.78.214.55,PossibleBotnet
62.122.102.236,PossibleBotnet
203.115.102.243,PossibleBotnet
202.79.46.30,PossibleBotnet
185.136.193.66,PossibleBotnet
109.172.56.202,PossibleBotnet
103.90.156.245,PossibleBotnet
94.182.49.50,PossibleBotnet
95.167.71.245,PossibleBotnet
93.77.52.138,PossibleBotnet
92.55.124.64,PossibleBotnet
91.235.102.179,PossibleBotnet
91.211.53.120,PossibleBotnet
91.150.175.122,PossibleBotnet
89.189.184.225,PossibleBotnet
89.121.207.186,PossibleBotnet
86.63.78.214,PossibleBotnet
83.234.147.166,PossibleBotnet
81.5.101.25,PossibleBotnet
79.8.70.162,PossibleBotnet
77.120.85.182,PossibleBotnet
62.140.224.186,PossibleBotnet
5.128.62.127,PossibleBotnet
45.4.56.54,PossibleBotnet
43.228.220.233,PossibleBotnet
41.72.203.82,PossibleBotnet
41.165.130.43,PossibleBotnet
37.54.14.36,PossibleBotnet
36.89.238.91,PossibleBotnet
31.202.44.222,PossibleBotnet
31.179.217.139,PossibleBotnet
31.179.201.26,PossibleBotnet
217.219.70.157,PossibleBotnet
213.81.178.115,PossibleBotnet
209.45.49.177,PossibleBotnet
203.82.36.34,PossibleBotnet
203.202.243.233,PossibleBotnet
203.129.254.50,PossibleBotnet
203.112.79.66,PossibleBotnet
202.70.82.221,PossibleBotnet
202.148.23.114,PossibleBotnet
200.217.148.218,PossibleBotnet
197.210.214.11,PossibleBotnet
197.155.66.202,PossibleBotnet
195.66.194.6,PossibleBotnet
194.152.35.139,PossibleBotnet
192.162.194.132,PossibleBotnet
190.171.217.250,PossibleBotnet
188.255.240.210,PossibleBotnet
183.87.255.182,PossibleBotnet
181.40.117.138,PossibleBotnet
181.112.218.238,PossibleBotnet
181.111.163.169,PossibleBotnet
180.250.174.42,PossibleBotnet
180.248.80.38,PossibleBotnet
179.127.180.9,PossibleBotnet
178.73.6.110,PossibleBotnet
178.19.183.14,PossibleBotnet
176.12.117.70,PossibleBotnet
174.106.33.85,PossibleBotnet
125.18.28.170,PossibleBotnet
122.50.6.36,PossibleBotnet
118.151.220.206,PossibleBotnet
116.193.221.17,PossibleBotnet
111.90.187.162,PossibleBotnet
109.88.185.119,PossibleBotnet
109.235.7.228,PossibleBotnet
109.124.90.229,PossibleBotnet
103.245.205.30,PossibleBotnet
103.240.249.121,PossibleBotnet
103.204.168.34,PossibleBotnet
102.141.241.14,PossibleBotnet
101.255.36.154,PossibleBotnet
101.255.36.146,PossibleBotnet
5.19.4.15,PossibleBotnet
82.103.108.72,PossibleBotnet
72.214.98.188,PossibleBotnet
193.86.186.162,PossibleBotnet
190.110.161.252,PossibleBotnet
179.60.84.7,PossibleBotnet
178.215.68.66,PossibleBotnet
177.152.139.214,PossibleBotnet
103.221.254.130,PossibleBotnet
84.92.231.106,PossibleBotnet
5.101.196.90,PossibleBotnet
45.177.144.87,PossibleBotnet
27.112.67.182,PossibleBotnet
181.210.45.42,PossibleBotnet
202.166.217.54,PossibleBotnet
93.93.62.183,PossibleBotnet
181.111.233.18,PossibleBotnet
178.134.141.166,PossibleBotnet
177.185.159.250,PossibleBotnet
95.170.113.52,PossibleBotnet
50.241.148.97,PossibleBotnet
191.7.136.37,PossibleBotnet
49.156.35.118,PossibleBotnet
190.186.56.84,PossibleBotnet
181.112.218.6,PossibleBotnet
74.113.230.55,PossibleBotnet
180.178.96.214,PossibleBotnet
168.121.239.172,PossibleBotnet
139.255.24.243,PossibleBotnet
116.206.164.46,PossibleBotnet
94.139.114.94,PossibleBotnet
88.220.80.210,PossibleBotnet
118.137.250.149,PossibleBotnet
36.89.45.143,PossibleBotnet
91.113.201.90,PossibleBotnet
89.22.152.244,PossibleBotnet
78.45.143.85,PossibleBotnet
62.201.230.43,PossibleBotnet
217.73.133.115,PossibleBotnet
196.202.194.133,PossibleBotnet
178.140.45.93,PossibleBotnet
109.248.58.238,PossibleBotnet
41.67.137.162,PossibleBotnet
81.30.214.88,PossibleBotnet
202.51.191.174,PossibleBotnet
190.99.117.10,PossibleBotnet
185.173.206.181,PossibleBotnet
181.210.91.171,PossibleBotnet
92.241.78.114,PossibleBotnet
37.113.131.172,PossibleBotnet
115.127.96.194,PossibleBotnet
88.203.174.217,PossibleBotnet
186.103.133.90,PossibleBotnet
103.245.199.222,PossibleBotnet
103.230.62.146,PossibleBotnet
95.31.224.60,PossibleBotnet
89.212.26.230,PossibleBotnet
88.102.33.14,PossibleBotnet
217.11.75.162,PossibleBotnet
202.166.206.80,PossibleBotnet
182.160.98.250,PossibleBotnet
110.34.28.113,PossibleBotnet
103.80.210.9,PossibleBotnet
88.214.17.91,PossibleBotnet
82.204.243.178,PossibleBotnet
50.81.109.60,PossibleBotnet
202.51.189.238,PossibleBotnet
195.24.94.187,PossibleBotnet
193.228.135.144,PossibleBotnet
186.42.255.230,PossibleBotnet
185.12.78.161,PossibleBotnet
178.72.159.254,PossibleBotnet
77.106.120.70,PossibleBotnet
110.74.217.198,PossibleBotnet
102.182.126.91,PossibleBotnet
27.254.87.172,PossibleBotnet
138.219.104.131,PossibleBotnet
36.51.252.106,PossibleBotnet
78.142.209.51,PossibleBotnet
88.225.222.128,PossibleBotnet
85.13.146.245,PossibleBotnet
185.45.66.195,PossibleBotnet
89.252.183.162,PossibleBotnet
62.90.219.154,PossibleBotnet
23.122.183.241,PossibleBotnet
222.98.197.136,PossibleBotnet
94.73.146.81,PossibleBotnet
185.98.7.114,PossibleBotnet
220.73.162.50,PossibleBotnet
149.255.62.88,PossibleBotnet
194.0.157.1,PossibleBotnet
81.19.215.5,PossibleBotnet
47.148.110.175,PossibleBotnet
200.35.157.201,PossibleBotnet
77.92.69.142,PossibleBotnet
52.167.163.134,PossibleBotnet
111.231.196.178,PossibleBotnet
83.223.124.18,PossibleBotnet
154.223.53.49,PossibleBotnet
69.203.68.243,PossibleBotnet
121.182.43.88,PossibleBotnet
24.54.106.17,PossibleBotnet
203.198.246.160,PossibleBotnet
103.92.25.90,PossibleBotnet
172.110.29.23,PossibleBotnet
109.234.162.47,PossibleBotnet
213.238.177.46,PossibleBotnet
118.233.39.9,PossibleBotnet
74.142.232.241,PossibleBotnet
114.215.100.225,PossibleBotnet
205.144.171.182,PossibleBotnet
103.233.103.16,PossibleBotnet
14.225.17.7,PossibleBotnet
202.146.210.112,PossibleBotnet
185.137.168.77,PossibleBotnet
162.216.45.5,PossibleBotnet
188.213.21.195,PossibleBotnet
89.46.106.77,PossibleBotnet
143.95.1.199,PossibleBotnet
79.98.28.28,PossibleBotnet
185.181.180.130,PossibleBotnet
195.208.1.135,PossibleBotnet
185.119.173.229,PossibleBotnet
86.35.43.220,PossibleBotnet
14.49.212.151,PossibleBotnet
182.18.157.38,PossibleBotnet
188.120.228.252,PossibleBotnet
68.66.200.203,PossibleBotnet
61.56.182.218,PossibleBotnet
38.111.46.47,PossibleBotnet
185.57.197.56,PossibleBotnet
199.189.248.81,PossibleBotnet
124.150.132.29,PossibleBotnet
112.213.89.167,PossibleBotnet
185.126.216.162,PossibleBotnet
173.249.63.33,PossibleBotnet
103.86.138.64,PossibleBotnet
95.173.170.161,PossibleBotnet
108.190.31.236,PossibleBotnet
191.6.198.99,PossibleBotnet
80.210.19.69,PossibleBotnet
185.221.216.4,PossibleBotnet
66.154.71.9,PossibleBotnet
221.204.166.36,PossibleBotnet
112.74.42.175,PossibleBotnet
188.14.195.104,PossibleBotnet
183.100.109.156,PossibleBotnet
196.218.53.68,PossibleBotnet
203.124.44.93,PossibleBotnet
209.99.16.94,PossibleBotnet
59.22.144.136,PossibleBotnet
211.230.109.58,PossibleBotnet
5.61.38.164,PossibleBotnet
205.144.171.107,PossibleBotnet
107.161.87.186,PossibleBotnet
5.159.55.243,PossibleBotnet
37.142.138.126,PossibleBotnet
202.133.193.81,PossibleBotnet
203.70.166.107,PossibleBotnet
128.65.187.123,PossibleBotnet
118.40.183.176,PossibleBotnet
88.201.34.243,PossibleBotnet
71.11.83.76,PossibleBotnet
185.222.202.8,PossibleBotnet
66.147.238.108,PossibleBotnet
93.184.221.189,PossibleBotnet
185.172.110.243,PossibleBotnet
8.208.12.195,PossibleBotnet
58.218.208.15,PossibleBotnet
97.79.236.99,PossibleBotnet
112.121.164.118,PossibleBotnet
163.171.128.148,PossibleBotnet
62.149.140.65,PossibleBotnet
211.47.74.16,PossibleBotnet
107.173.2.141,PossibleBotnet
116.206.177.144,PossibleBotnet
43.229.85.230,PossibleBotnet
175.158.62.175,PossibleBotnet
173.214.177.180,PossibleBotnet
142.129.145.149,PossibleBotnet
202.92.6.10,PossibleBotnet
221.204.166.20,PossibleBotnet
220.194.79.73,PossibleBotnet
37.52.9.2,PossibleBotnet
37.9.175.6,PossibleBotnet
109.234.161.88,PossibleBotnet
212.1.208.167,PossibleBotnet
69.163.166.107,PossibleBotnet
185.182.56.184,PossibleBotnet
47.91.225.68,PossibleBotnet
221.204.166.38,PossibleBotnet
120.27.186.114,PossibleBotnet
37.9.175.18,PossibleBotnet
216.58.206.14,PossibleBotnet
177.21.214.252,PossibleBotnet
154.222.140.49,PossibleBotnet
122.226.108.74,PossibleBotnet
58.215.145.187,PossibleBotnet
221.204.166.24,PossibleBotnet
69.65.3.168,PossibleBotnet
185.50.25.41,PossibleBotnet
14.55.116.41,PossibleBotnet
81.177.139.32,PossibleBotnet
52.163.201.250,PossibleBotnet
173.247.239.186,PossibleBotnet
104.199.1.118,PossibleBotnet
94.73.150.38,PossibleBotnet
101.201.76.232,PossibleBotnet
42.56.79.189,PossibleBotnet
91.146.107.85,PossibleBotnet
87.121.121.2,PossibleBotnet
199.204.213.90,PossibleBotnet
139.162.140.189,PossibleBotnet
104.89.35.218,PossibleBotnet
162.215.255.41,PossibleBotnet
68.65.123.232,PossibleBotnet
191.6.204.77,PossibleBotnet
209.59.212.81,PossibleBotnet
175.45.184.78,PossibleBotnet
212.27.63.115,PossibleBotnet
124.236.27.21,PossibleBotnet
195.228.155.222,PossibleBotnet
185.181.10.234,PossibleBotnet
101.89.125.229,PossibleBotnet
192.30.253.121,PossibleBotnet
34.236.40.126,PossibleBotnet
208.91.199.19,PossibleBotnet
190.139.110.10,PossibleBotnet
109.234.161.245,PossibleBotnet
218.52.230.160,PossibleBotnet
104.31.6.180,PossibleBotnet
209.205.208.10,PossibleBotnet
75.3.198.176,PossibleBotnet
58.218.215.164,PossibleBotnet
199.204.248.127,PossibleBotnet
72.69.204.59,PossibleBotnet
99.121.0.96,PossibleBotnet
217.148.136.61,PossibleBotnet
178.254.0.107,PossibleBotnet
91.223.141.121,PossibleBotnet
80.94.52.76,PossibleBotnet
143.95.236.103,PossibleBotnet
185.33.52.18,PossibleBotnet
103.18.247.38,PossibleBotnet
77.192.123.83,PossibleBotnet
69.90.24.200,PossibleBotnet
212.27.63.107,PossibleBotnet
122.226.188.14,PossibleBotnet
107.6.142.246,PossibleBotnet
103.6.196.180,PossibleBotnet
176.9.117.14,PossibleBotnet
14.161.4.53,PossibleBotnet
66.219.202.10,PossibleBotnet
212.179.253.246,PossibleBotnet
95.130.175.151,PossibleBotnet
222.99.11.146,PossibleBotnet
217.182.130.166,PossibleBotnet
103.205.4.41,PossibleBotnet
61.164.113.244,PossibleBotnet
220.85.57.178,PossibleBotnet
111.26.190.96,PossibleBotnet
103.253.125.149,PossibleBotnet
45.77.172.16,PossibleBotnet
118.31.232.213,PossibleBotnet
211.254.137.9,PossibleBotnet
202.75.41.115,PossibleBotnet
213.97.24.164,PossibleBotnet
106.105.218.18,PossibleBotnet
183.2.242.180,PossibleBotnet
83.137.194.23,PossibleBotnet
119.59.104.34,PossibleBotnet
31.44.184.33,PossibleBotnet
41.39.182.198,PossibleBotnet
204.11.58.229,PossibleBotnet
216.155.147.117,PossibleBotnet
125.253.117.194,PossibleBotnet
61.153.183.102,PossibleBotnet
187.63.160.86,PossibleBotnet
45.76.37.123,PossibleBotnet
174.141.231.74,PossibleBotnet
162.220.58.58,PossibleBotnet
194.126.180.3,PossibleBotnet
94.73.147.165,PossibleBotnet
156.230.58.131,PossibleBotnet
203.160.242.198,PossibleBotnet
101.79.49.105,PossibleBotnet
79.99.203.50,PossibleBotnet
188.132.157.36,PossibleBotnet
101.79.49.118,PossibleBotnet
144.48.5.30,PossibleBotnet
188.93.11.49,PossibleBotnet
58.218.215.75,PossibleBotnet
103.211.216.137,PossibleBotnet
112.216.13.123,PossibleBotnet
208.96.18.238,PossibleBotnet
122.225.38.254,PossibleBotnet
47.91.255.155,PossibleBotnet
80.109.240.71,PossibleBotnet
79.133.207.102,PossibleBotnet
67.21.112.53,PossibleBotnet
5.100.152.24,PossibleBotnet
117.21.225.197,PossibleBotnet
154.223.157.30,PossibleBotnet
23.226.129.98,PossibleBotnet
183.99.243.239,PossibleBotnet
27.121.66.20,PossibleBotnet
103.129.99.14,PossibleBotnet
216.177.136.16,PossibleBotnet
67.225.129.56,PossibleBotnet
185.172.110.230,PossibleBotnet
101.89.125.227,PossibleBotnet
119.97.245.119,PossibleBotnet
77.37.140.33,PossibleBotnet
209.17.116.9,PossibleBotnet
101.89.125.226,PossibleBotnet
111.185.48.248,PossibleBotnet
118.123.21.52,PossibleBotnet
88.212.202.2,PossibleBotnet
86.107.99.81,PossibleBotnet
185.50.197.159,PossibleBotnet
68.66.224.54,PossibleBotnet
209.217.245.186,PossibleBotnet
5.154.178.215,PossibleBotnet
46.29.49.30,PossibleBotnet
197.242.144.109,PossibleBotnet
77.238.121.242,PossibleBotnet
66.49.204.205,PossibleBotnet
183.101.39.187,PossibleBotnet
189.11.172.52,PossibleBotnet
120.72.106.61,PossibleBotnet
27.254.40.4,PossibleBotnet
118.123.16.3,PossibleBotnet
14.37.234.135,PossibleBotnet
213.205.40.153,PossibleBotnet
103.9.171.6,PossibleBotnet
85.235.130.64,PossibleBotnet
85.235.130.18,PossibleBotnet
183.179.229.119,PossibleBotnet
96.9.253.51,PossibleBotnet
59.188.77.187,PossibleBotnet
98.102.8.4,PossibleBotnet
103.14.122.111,PossibleBotnet
93.95.100.55,PossibleBotnet
150.107.31.57,PossibleBotnet
183.136.233.101,PossibleBotnet
220.249.106.153,PossibleBotnet
89.122.255.52,PossibleBotnet
81.88.48.113,PossibleBotnet
218.213.214.109,PossibleBotnet
100.8.77.4,PossibleBotnet
114.6.25.179,PossibleBotnet
120.79.26.14,PossibleBotnet
58.124.120.219,PossibleBotnet
45.252.248.59,PossibleBotnet
206.188.192.4,PossibleBotnet
95.170.83.217,PossibleBotnet
172.104.190.180,PossibleBotnet
45.252.248.23,PossibleBotnet
220.73.118.64,PossibleBotnet
95.140.34.84,PossibleBotnet
89.207.250.70,PossibleBotnet
31.168.208.91,PossibleBotnet
189.84.217.10,PossibleBotnet
31.220.105.164,PossibleBotnet
77.138.103.43,PossibleBotnet
58.218.215.171,PossibleBotnet
37.9.175.24,PossibleBotnet
121.207.232.88,PossibleBotnet
103.14.124.76,PossibleBotnet
58.215.145.136,PossibleBotnet
82.166.27.77,PossibleBotnet
61.248.184.40,PossibleBotnet
81.218.196.175,PossibleBotnet
178.238.227.65,PossibleBotnet
116.0.23.209,PossibleBotnet
221.144.153.139,PossibleBotnet
65.125.128.196,PossibleBotnet
176.57.210.39,PossibleBotnet
162.17.191.154,PossibleBotnet
31.168.194.67,PossibleBotnet
31.168.30.65,PossibleBotnet
81.198.87.93,PossibleBotnet
184.107.72.133,PossibleBotnet
12.178.187.8,PossibleBotnet
204.48.55.162,PossibleBotnet
171.244.3.228,PossibleBotnet
47.246.43.209,PossibleBotnet
72.9.150.20,PossibleBotnet
171.22.26.30,PossibleBotnet
47.14.99.185,PossibleBotnet
178.208.241.152,PossibleBotnet
86.105.59.65,PossibleBotnet
58.227.54.120,PossibleBotnet
112.213.89.23,PossibleBotnet
172.84.255.201,PossibleBotnet
213.186.33.4,PossibleBotnet
69.175.87.74,PossibleBotnet
112.132.32.105,PossibleBotnet
58.216.16.38,PossibleBotnet
58.251.150.80,PossibleBotnet
50.78.36.243,PossibleBotnet
84.197.14.92,PossibleBotnet
114.200.251.102,PossibleBotnet
92.115.155.161,PossibleBotnet
71.79.146.82,PossibleBotnet
93.119.236.72,PossibleBotnet
93.119.150.95,PossibleBotnet
1.235.143.219,PossibleBotnet
49.246.91.131,PossibleBotnet
93.116.180.197,PossibleBotnet
115.71.237.171,PossibleBotnet
122.114.200.6,PossibleBotnet
218.75.159.105,PossibleBotnet
122.147.183.69,PossibleBotnet
122.155.187.82,PossibleBotnet
118.200.226.204,PossibleBotnet
186.179.243.45,PossibleBotnet
86.105.60.204,PossibleBotnet
205.196.80.48,PossibleBotnet
125.60.35.230,PossibleBotnet
82.81.131.158,PossibleBotnet
68.129.32.96,PossibleBotnet
86.105.59.197,PossibleBotnet
212.93.154.120,PossibleBotnet
47.100.160.250,PossibleBotnet
91.244.71.121,PossibleBotnet
103.127.196.151,PossibleBotnet
35.196.0.250,PossibleBotnet
37.252.79.223,PossibleBotnet
190.210.9.40,PossibleBotnet
85.95.237.213,PossibleBotnet
109.234.161.36,PossibleBotnet
94.156.175.55,PossibleBotnet
120.24.166.40,PossibleBotnet
78.108.80.33,PossibleBotnet
213.142.130.88,PossibleBotnet
70.32.23.19,PossibleBotnet
208.82.185.30,PossibleBotnet
128.0.41.226,PossibleBotnet
81.2.195.134,PossibleBotnet
185.66.175.250,PossibleBotnet
150.107.31.63,PossibleBotnet
200.58.120.8,PossibleBotnet
46.166.189.8,PossibleBotnet
208.88.6.75,PossibleBotnet
58.82.193.216,PossibleBotnet
221.231.138.116,PossibleBotnet
213.162.246.74,PossibleBotnet
210.211.122.243,PossibleBotnet
103.246.17.7,PossibleBotnet
87.118.13.210,PossibleBotnet
185.216.113.60,PossibleBotnet
91.194.251.241,PossibleBotnet
27.145.66.227,PossibleBotnet
190.61.250.170,PossibleBotnet
93.184.220.23,PossibleBotnet
185.159.152.5,PossibleBotnet
45.50.228.207,PossibleBotnet
123.207.9.222,PossibleBotnet
46.30.215.195,PossibleBotnet
61.58.174.253,PossibleBotnet
41.76.210.13,PossibleBotnet
89.40.36.57,PossibleBotnet
177.11.54.106,PossibleBotnet
79.124.17.100,PossibleBotnet
45.119.83.165,PossibleBotnet
154.0.170.219,PossibleBotnet
118.21.49.49,PossibleBotnet
46.47.106.63,PossibleBotnet
115.78.207.192,PossibleBotnet
190.171.170.94,PossibleBotnet
203.114.116.37,PossibleBotnet
176.53.35.53,PossibleBotnet
66.152.183.8,PossibleBotnet
185.105.85.27,PossibleBotnet
112.175.184.41,PossibleBotnet
73.124.2.112,PossibleBotnet
210.76.64.46,PossibleBotnet
49.158.185.5,PossibleBotnet
202.71.129.179,PossibleBotnet
206.198.225.21,PossibleBotnet
103.52.146.2,PossibleBotnet
97.79.237.171,PossibleBotnet
134.119.212.103,PossibleBotnet
186.251.253.134,PossibleBotnet
31.27.128.108,PossibleBotnet
112.184.88.60,PossibleBotnet
27.238.33.39,PossibleBotnet
45.32.234.137,PossibleBotnet
46.97.76.242,PossibleBotnet
88.248.121.238,PossibleBotnet
140.249.60.232,PossibleBotnet
93.80.159.79,PossibleBotnet
181.111.209.169,PossibleBotnet
211.97.73.224,PossibleBotnet
103.48.193.25,PossibleBotnet
59.83.218.235,PossibleBotnet
98.173.195.44,PossibleBotnet
147.139.164.117,PossibleBotnet
46.30.213.217,PossibleBotnet
37.9.175.8,PossibleBotnet
78.39.232.58,PossibleBotnet
188.120.224.18,PossibleBotnet
196.203.63.106,PossibleBotnet
91.92.16.244,PossibleBotnet
178.18.87.253,PossibleBotnet
93.125.99.82,PossibleBotnet
203.154.32.140,PossibleBotnet
46.30.215.245,PossibleBotnet
143.95.39.220,PossibleBotnet
31.154.84.141,PossibleBotnet
211.221.32.244,PossibleBotnet
12.30.166.150,PossibleBotnet
194.169.88.56,PossibleBotnet
38.111.141.109,PossibleBotnet
162.252.85.181,PossibleBotnet
185.68.16.50,PossibleBotnet
190.210.190.62,PossibleBotnet
203.146.127.223,PossibleBotnet
188.3.102.246,PossibleBotnet
72.188.149.196,PossibleBotnet
112.166.251.121,PossibleBotnet
58.215.145.147,PossibleBotnet
198.20.177.35,PossibleBotnet
178.77.105.237,PossibleBotnet
61.142.239.149,PossibleBotnet
87.29.99.75,PossibleBotnet
123.0.198.186,PossibleBotnet
164.160.25.200,PossibleBotnet
192.185.74.72,PossibleBotnet
45.117.80.214,PossibleBotnet
80.78.250.103,PossibleBotnet
1.234.70.30,PossibleBotnet
222.101.99.146,PossibleBotnet
193.218.152.119,PossibleBotnet
121.167.76.62,PossibleBotnet
216.227.213.32,PossibleBotnet
154.91.144.44,PossibleBotnet
202.52.147.110,PossibleBotnet
103.28.53.243,PossibleBotnet
216.92.2.159,PossibleBotnet
122.155.5.190,PossibleBotnet
209.205.200.10,PossibleBotnet
5.201.130.125,PossibleBotnet
158.255.42.107,PossibleBotnet
101.50.1.26,PossibleBotnet
203.146.26.83,PossibleBotnet
91.244.71.104,PossibleBotnet
69.65.28.126,PossibleBotnet
167.86.124.222,PossibleBotnet
27.254.86.18,PossibleBotnet
123.0.209.88,PossibleBotnet
41.76.210.171,PossibleBotnet
185.61.137.36,PossibleBotnet
192.95.33.206,PossibleBotnet
117.21.225.191,PossibleBotnet
123.29.75.131,PossibleBotnet
38.27.106.14,PossibleBotnet
46.174.7.244,PossibleBotnet
163.171.132.119,PossibleBotnet
62.218.147.233,PossibleBotnet
182.131.1.18,PossibleBotnet
112.185.161.218,PossibleBotnet
103.248.138.245,PossibleBotnet
91.151.85.54,PossibleBotnet
171.244.45.106,PossibleBotnet
77.92.1.3,PossibleBotnet
123.30.129.231,PossibleBotnet
177.11.54.131,PossibleBotnet
82.208.149.161,PossibleBotnet
104.74.143.40,PossibleBotnet
222.241.7.152,PossibleBotnet
39.98.245.61,PossibleBotnet
211.228.249.197,PossibleBotnet
43.241.57.114,PossibleBotnet
172.246.126.206,PossibleBotnet
185.119.173.142,PossibleBotnet
88.148.52.173,PossibleBotnet
192.96.201.162,PossibleBotnet
82.209.200.9,PossibleBotnet
46.23.118.242,PossibleBotnet
121.83.235.195,PossibleBotnet
24.133.203.45,PossibleBotnet
172.217.22.48,PossibleBotnet
2.180.8.191,PossibleBotnet
185.199.109.153,PossibleBotnet
199.68.182.163,PossibleBotnet
195.210.46.43,PossibleBotnet
95.215.225.23,PossibleBotnet
94.20.94.173,PossibleBotnet
62.232.203.90,PossibleBotnet
167.250.5.42,PossibleBotnet
145.131.16.39,PossibleBotnet
45.252.248.10,PossibleBotnet
5.189.152.41,PossibleBotnet
173.160.86.173,PossibleBotnet
185.136.234.71,PossibleBotnet
103.58.151.79,PossibleBotnet
210.1.58.196,PossibleBotnet
128.0.47.201,PossibleBotnet
5.95.226.79,PossibleBotnet
202.181.24.62,PossibleBotnet
109.232.216.244,PossibleBotnet
89.122.77.154,PossibleBotnet
31.168.126.45,PossibleBotnet
125.212.218.20,PossibleBotnet
203.156.18.130,PossibleBotnet
221.121.150.109,PossibleBotnet
63.241.212.134,PossibleBotnet
61.28.113.114,PossibleBotnet
193.138.233.120,PossibleBotnet
202.66.173.131,PossibleBotnet
74.75.165.81,PossibleBotnet
122.226.166.15,PossibleBotnet
101.79.49.123,PossibleBotnet
49.159.196.14,PossibleBotnet
123.29.68.104,PossibleBotnet
221.229.166.45,PossibleBotnet
116.0.121.235,PossibleBotnet
183.106.201.118,PossibleBotnet
82.81.196.247,PossibleBotnet
118.42.208.62,PossibleBotnet
92.223.177.227,PossibleBotnet
82.81.106.65,PossibleBotnet
80.191.250.164,PossibleBotnet
41.32.170.13,PossibleBotnet
211.250.46.189,PossibleBotnet
85.158.136.166,PossibleBotnet
210.245.90.251,PossibleBotnet
24.228.16.207,PossibleBotnet
85.99.247.39,PossibleBotnet
84.31.23.33,PossibleBotnet
27.254.153.13,PossibleBotnet
196.202.87.251,PossibleBotnet
23.226.129.106,PossibleBotnet
82.81.2.50,PossibleBotnet
217.217.18.71,PossibleBotnet
78.188.200.211,PossibleBotnet
83.67.163.73,PossibleBotnet
108.21.209.33,PossibleBotnet
31.154.195.254,PossibleBotnet
211.196.28.116,PossibleBotnet
212.159.128.72,PossibleBotnet
109.120.162.27,PossibleBotnet
103.129.97.3,PossibleBotnet
31.168.249.126,PossibleBotnet
218.3.94.83,PossibleBotnet
197.242.144.32,PossibleBotnet
84.1.27.113,PossibleBotnet
85.93.89.185,PossibleBotnet
84.95.198.14,PossibleBotnet
83.12.45.226,PossibleBotnet
185.2.4.66,PossibleBotnet
49.159.92.142,PossibleBotnet
212.90.148.125,PossibleBotnet
211.202.3.97,PossibleBotnet
59.111.179.137,PossibleBotnet
14.45.167.58,PossibleBotnet
109.226.26.237,PossibleBotnet
196.221.144.149,PossibleBotnet
203.77.80.159,PossibleBotnet
76.243.189.77,PossibleBotnet
5.102.211.54,PossibleBotnet
203.146.208.208,PossibleBotnet
85.64.181.50,PossibleBotnet
14.46.209.82,PossibleBotnet
31.211.148.144,PossibleBotnet
121.155.233.13,PossibleBotnet
12.178.187.6,PossibleBotnet
128.1.37.102,PossibleBotnet
37.9.175.4,PossibleBotnet
94.154.17.170,PossibleBotnet
42.60.165.105,PossibleBotnet
42.61.183.165,PossibleBotnet
172.110.0.2,PossibleBotnet
209.202.252.66,PossibleBotnet
14.34.165.243,PossibleBotnet
24.119.158.74,PossibleBotnet
46.182.7.177,PossibleBotnet
170.81.43.58,PossibleBotnet
62.68.128.183,PossibleBotnet
163.171.128.129,PossibleBotnet
210.75.13.198,PossibleBotnet
154.0.171.97,PossibleBotnet
27.254.172.54,PossibleBotnet
204.14.161.114,PossibleBotnet
112.187.217.80,PossibleBotnet
211.108.74.246,PossibleBotnet
120.52.120.11,PossibleBotnet
175.212.180.131,PossibleBotnet
82.81.25.188,PossibleBotnet
192.184.83.206,PossibleBotnet
210.122.36.104,PossibleBotnet
134.0.10.62,PossibleBotnet
187.45.176.59,PossibleBotnet
146.88.24.17,PossibleBotnet
46.182.5.20,PossibleBotnet
218.75.155.239,PossibleBotnet
222.165.255.245,PossibleBotnet
31.24.135.116,PossibleBotnet
103.27.200.66,PossibleBotnet
121.189.48.150,PossibleBotnet
218.90.204.20,PossibleBotnet
173.233.85.171,PossibleBotnet
151.101.192.133,PossibleBotnet
151.101.64.133,PossibleBotnet
151.101.128.133,PossibleBotnet
216.105.38.10,PossibleBotnet
185.179.191.107,PossibleBotnet
2.180.37.68,PossibleBotnet
69.75.115.194,PossibleBotnet
49.213.179.129,PossibleBotnet
219.80.217.209,PossibleBotnet
58.254.181.35,PossibleBotnet
201.203.27.37,PossibleBotnet
130.117.78.73,PossibleBotnet
31.187.80.46,PossibleBotnet
31.210.184.188,PossibleBotnet
117.21.225.196,PossibleBotnet
93.185.104.28,PossibleBotnet
173.196.178.86,PossibleBotnet
186.112.228.11,PossibleBotnet
86.35.153.146,PossibleBotnet
218.75.158.131,PossibleBotnet
119.206.197.56,PossibleBotnet
149.62.172.108,PossibleBotnet
216.176.179.106,PossibleBotnet
185.199.110.153,PossibleBotnet
125.136.94.85,PossibleBotnet
75.55.248.20,PossibleBotnet
202.6.245.24,PossibleBotnet
103.254.145.230,PossibleBotnet
103.92.25.95,PossibleBotnet
14.46.70.58,PossibleBotnet
184.94.115.194,PossibleBotnet
92.58.218.36,PossibleBotnet
180.245.36.233,PossibleBotnet
210.112.11.142,PossibleBotnet
104.244.124.27,PossibleBotnet
58.215.145.148,PossibleBotnet
94.102.219.154,PossibleBotnet
101.50.1.41,PossibleBotnet
120.192.64.10,PossibleBotnet
109.234.160.27,PossibleBotnet
31.211.159.149,PossibleBotnet
23.245.59.73,PossibleBotnet
46.117.176.102,PossibleBotnet
52.78.29.51,PossibleBotnet
88.248.84.169,PossibleBotnet
203.163.211.46,PossibleBotnet
70.164.206.71,PossibleBotnet
118.219.234.106,PossibleBotnet
203.113.174.46,PossibleBotnet
218.38.54.170,PossibleBotnet
211.196.153.124,PossibleBotnet
62.34.210.232,PossibleBotnet
103.21.141.132,PossibleBotnet
196.41.123.20,PossibleBotnet
36.42.73.7,PossibleBotnet
121.147.51.57,PossibleBotnet
113.161.213.222,PossibleBotnet
128.65.183.8,PossibleBotnet
61.139.126.32,PossibleBotnet
211.144.33.238,PossibleBotnet
125.137.120.54,PossibleBotnet
89.122.126.17,PossibleBotnet
173.169.46.85,PossibleBotnet
61.145.199.179,PossibleBotnet
79.2.211.133,PossibleBotnet
218.24.35.244,PossibleBotnet
218.6.9.82,PossibleBotnet
66.117.6.174,PossibleBotnet
101.227.24.228,PossibleBotnet
93.56.36.84,PossibleBotnet
64.40.144.10,PossibleBotnet
182.118.46.58,PossibleBotnet
171.11.231.39,PossibleBotnet
115.231.153.75,PossibleBotnet
60.6.255.67,PossibleBotnet
58.215.145.118,PossibleBotnet
58.215.145.117,PossibleBotnet
58.215.145.119,PossibleBotnet
58.215.145.135,PossibleBotnet
185.232.59.132,PossibleBotnet
58.215.145.114,PossibleBotnet
58.215.145.172,PossibleBotnet
220.70.183.53,PossibleBotnet
78.142.209.91,PossibleBotnet
31.132.142.166,PossibleBotnet
45.119.214.240,PossibleBotnet
104.192.108.19,PossibleBotnet
185.126.218.220,PossibleBotnet
178.249.155.168,PossibleBotnet
5.2.85.74,PossibleBotnet
122.155.5.167,PossibleBotnet
210.122.4.101,PossibleBotnet
121.29.54.234,PossibleBotnet
121.29.54.65,PossibleBotnet
58.216.16.41,PossibleBotnet
119.97.143.23,PossibleBotnet
103.255.237.239,PossibleBotnet
113.1.0.63,PossibleBotnet
140.249.60.227,PossibleBotnet
117.21.225.190,PossibleBotnet
103.51.249.64,PossibleBotnet
190.8.176.58,PossibleBotnet
207.45.189.130,PossibleBotnet
197.242.147.195,PossibleBotnet
200.75.6.201,PossibleBotnet
202.97.174.81,PossibleBotnet
179.43.116.246,PossibleBotnet
59.56.30.223,PossibleBotnet
106.51.36.42,PossibleBotnet
174.99.206.76,PossibleBotnet
172.85.185.216,PossibleBotnet
200.38.79.134,PossibleBotnet
80.252.128.253,PossibleBotnet
1.53.252.174,PossibleBotnet
123.59.84.72,PossibleBotnet
200.2.161.171,PossibleBotnet
175.41.18.227,PossibleBotnet
42.120.17.47,PossibleBotnet
5.201.142.118,PossibleBotnet
103.40.29.230,PossibleBotnet
188.191.31.49,PossibleBotnet
123.30.210.10,PossibleBotnet
61.153.183.106,PossibleBotnet
115.146.126.151,PossibleBotnet
112.175.69.174,PossibleBotnet
115.231.153.67,PossibleBotnet
216.117.183.143,PossibleBotnet
202.75.223.155,PossibleBotnet
183.111.169.127,PossibleBotnet
27.254.86.9,PossibleBotnet
58.120.227.23,PossibleBotnet
116.126.143.33,PossibleBotnet
58.230.89.42,PossibleBotnet
14.44.8.176,PossibleBotnet
183.111.163.234,PossibleBotnet
183.60.187.58,PossibleBotnet
183.60.187.57,PossibleBotnet
58.216.16.35,PossibleBotnet
185.154.139.77,PossibleBotnet
118.123.8.177,PossibleBotnet
103.205.5.137,PossibleBotnet
103.27.208.55,PossibleBotnet
140.249.60.230,PossibleBotnet
199.79.63.203,PossibleBotnet
185.232.59.133,PossibleBotnet
84.108.209.36,PossibleBotnet
103.24.228.157,PossibleBotnet
66.147.244.55,PossibleBotnet
77.221.204.38,PossibleBotnet
94.244.25.21,PossibleBotnet
93.33.203.168,PossibleBotnet
12.25.14.44,PossibleBotnet
46.121.82.70,PossibleBotnet
178.211.56.154,PossibleBotnet
101.89.125.237,PossibleBotnet
101.89.125.234,PossibleBotnet
63.245.122.93,PossibleBotnet
61.153.183.100,PossibleBotnet
101.89.125.233,PossibleBotnet
31.168.216.132,PossibleBotnet
195.238.0.64,PossibleBotnet
101.50.1.85,PossibleBotnet
72.186.139.38,PossibleBotnet
216.172.184.80,PossibleBotnet
58.216.16.42,PossibleBotnet
173.198.251.30,PossibleBotnet
116.0.23.218,PossibleBotnet
58.218.208.8,PossibleBotnet
58.216.16.37,PossibleBotnet
58.216.16.36,PossibleBotnet
46.30.215.139,PossibleBotnet
58.216.16.43,PossibleBotnet
220.120.136.184,PossibleBotnet
123.194.235.37,PossibleBotnet
210.245.86.41,PossibleBotnet
139.162.245.200,PossibleBotnet
188.152.2.151,PossibleBotnet
99.50.211.58,PossibleBotnet
210.15.254.232,PossibleBotnet
218.75.155.229,PossibleBotnet
216.177.153.14,PossibleBotnet
154.211.53.174,PossibleBotnet
81.213.166.175,PossibleBotnet
82.80.143.205,PossibleBotnet
185.165.168.41,PossibleBotnet
185.119.173.182,PossibleBotnet
88.249.120.216,PossibleBotnet
141.226.28.195,PossibleBotnet
211.48.208.144,PossibleBotnet
41.32.23.132,PossibleBotnet
115.165.206.174,PossibleBotnet
116.122.37.86,PossibleBotnet
87.244.5.18,PossibleBotnet
91.219.194.7,PossibleBotnet
216.37.42.32,PossibleBotnet
222.100.203.39,PossibleBotnet
112.170.23.21,PossibleBotnet
211.187.75.220,PossibleBotnet
108.220.3.201,PossibleBotnet
31.168.24.115,PossibleBotnet
84.95.150.12,PossibleBotnet
31.211.31.232,PossibleBotnet
79.39.88.20,PossibleBotnet
125.130.59.163,PossibleBotnet
118.184.176.18,PossibleBotnet
146.66.64.215,PossibleBotnet
222.241.7.223,PossibleBotnet
152.19.134.8,PossibleBotnet
217.69.139.110,PossibleBotnet
185.241.100.233,PossibleBotnet
75.3.196.154,PossibleBotnet
24.103.74.180,PossibleBotnet
62.219.131.205,PossibleBotnet
80.11.38.244,PossibleBotnet
165.193.73.40,PossibleBotnet
104.83.106.210,PossibleBotnet
185.94.33.22,PossibleBotnet
116.211.141.102,PossibleBotnet
114.236.93.72,PossibleBotnet
210.112.11.141,PossibleBotnet
52.179.1.254,PossibleBotnet
210.21.118.68,PossibleBotnet
221.192.236.146,PossibleBotnet
122.226.188.6,PossibleBotnet
115.238.148.230,PossibleBotnet
43.226.124.7,PossibleBotnet
61.183.37.28,PossibleBotnet
61.183.37.31,PossibleBotnet
209.217.33.221,PossibleBotnet
212.76.85.96,PossibleBotnet
185.41.127.29,PossibleBotnet
217.218.219.146,PossibleBotnet
14.46.104.156,PossibleBotnet
69.62.192.160,PossibleBotnet
112.164.81.234,PossibleBotnet
103.6.196.153,PossibleBotnet
104.18.42.78,PossibleBotnet
104.18.43.78,PossibleBotnet
118.99.239.217,PossibleBotnet
59.51.114.239,PossibleBotnet
61.183.37.14,PossibleBotnet
59.110.190.224,PossibleBotnet
77.87.108.170,PossibleBotnet
58.251.150.72,PossibleBotnet
117.21.225.193,PossibleBotnet
117.21.225.195,PossibleBotnet
222.241.7.239,PossibleBotnet
222.222.194.94,PossibleBotnet
115.238.250.122,PossibleBotnet
104.83.108.144,PossibleBotnet
180.153.105.169,PossibleBotnet
110.88.128.108,PossibleBotnet
185.159.81.206,PossibleBotnet
101.89.125.228,PossibleBotnet
93.125.99.129,PossibleBotnet
153.232.81.55,PossibleBotnet
216.193.224.77,PossibleBotnet
103.143.46.49,PossibleBotnet
47.52.192.110,PossibleBotnet
185.2.4.84,PossibleBotnet
154.211.53.35,PossibleBotnet
109.95.158.82,PossibleBotnet
146.112.61.107,PossibleBotnet
177.12.161.92,PossibleBotnet
93.187.206.206,PossibleBotnet
191.6.196.207,PossibleBotnet
156.234.66.89,PossibleBotnet
216.70.123.65,PossibleBotnet
85.159.66.220,PossibleBotnet
64.90.181.104,PossibleBotnet
202.29.95.12,PossibleBotnet
198.74.115.242,PossibleBotnet
196.25.211.127,PossibleBotnet
43.241.56.15,PossibleBotnet
27.254.38.50,PossibleBotnet
193.252.121.242,PossibleBotnet
218.253.84.90,PossibleBotnet
154.211.53.40,PossibleBotnet
118.67.248.132,PossibleBotnet
212.52.142.10,PossibleBotnet
116.255.143.85,PossibleBotnet
31.186.26.142,PossibleBotnet
31.186.26.133,PossibleBotnet
221.226.86.151,PossibleBotnet
31.186.26.130,PossibleBotnet
202.29.22.85,PossibleBotnet
216.177.141.15,PossibleBotnet
156.235.95.77,PossibleBotnet
143.137.191.205,PossibleBotnet
192.162.71.123,PossibleBotnet
163.22.51.1,PossibleBotnet
160.122.42.39,PossibleBotnet
173.249.157.230,PossibleBotnet
43.248.191.13,PossibleBotnet
173.247.243.223,PossibleBotnet
113.11.255.23,PossibleBotnet
42.236.75.19,PossibleBotnet
72.4.146.187,PossibleBotnet
