85.143.216.194,PossibleBotnet
5.2.78.38,PossibleBotnet
51.89.115.124,PossibleBotnet
146.185.253.164,PossibleBotnet
188.165.62.34,PossibleBotnet
198.23.209.201,PossibleBotnet
172.82.152.104,PossibleBotnet
164.68.120.60,PossibleBotnet
78.24.223.88,PossibleBotnet
36.89.88.111,PossibleBotnet
203.176.135.102,PossibleBotnet
188.120.254.68,PossibleBotnet
45.8.230.203,PossibleBotnet
62.109.22.226,PossibleBotnet
85.217.171.52,PossibleBotnet
185.62.190.167,PossibleBotnet
146.185.253.126,PossibleBotnet
5.182.210.221,PossibleBotnet
151.237.36.220,PossibleBotnet
200.123.183.137,PossibleBotnet
190.161.180.184,PossibleBotnet
190.189.224.117,PossibleBotnet
177.180.115.224,PossibleBotnet
197.94.32.129,PossibleBotnet
159.69.89.130,PossibleBotnet
83.165.78.227,PossibleBotnet
219.75.66.103,PossibleBotnet
2.45.112.134,PossibleBotnet
144.217.117.207,PossibleBotnet
24.181.125.62,PossibleBotnet
78.189.165.52,PossibleBotnet
85.100.122.211,PossibleBotnet
175.114.178.83,PossibleBotnet
200.114.167.85,PossibleBotnet
190.93.210.113,PossibleBotnet
177.144.130.105,PossibleBotnet
217.12.70.226,PossibleBotnet
189.19.81.181,PossibleBotnet
63.248.198.8,PossibleBotnet
5.182.210.45,PossibleBotnet
72.51.153.27,PossibleBotnet
37.70.131.107,PossibleBotnet
211.42.204.154,PossibleBotnet
94.200.114.162,PossibleBotnet
190.100.153.162,PossibleBotnet
2.237.76.249,PossibleBotnet
173.247.19.238,PossibleBotnet
99.252.27.6,PossibleBotnet
91.117.131.122,PossibleBotnet
37.46.132.101,PossibleBotnet
212.109.195.15,PossibleBotnet
93.189.42.185,PossibleBotnet
185.180.198.143,PossibleBotnet
80.11.158.65,PossibleBotnet
179.13.185.19,PossibleBotnet
186.84.173.136,PossibleBotnet
113.61.76.239,PossibleBotnet
88.247.26.78,PossibleBotnet
193.37.212.139,PossibleBotnet
47.6.15.79,PossibleBotnet
67.254.196.78,PossibleBotnet
175.127.140.68,PossibleBotnet
64.53.242.181,PossibleBotnet
79.7.114.1,PossibleBotnet
78.186.102.195,PossibleBotnet
91.117.31.181,PossibleBotnet
171.100.142.238,PossibleBotnet
201.173.217.124,PossibleBotnet
200.41.121.69,PossibleBotnet
68.174.15.223,PossibleBotnet
2.42.173.240,PossibleBotnet
180.180.216.177,PossibleBotnet
121.100.19.18,PossibleBotnet
66.34.201.20,PossibleBotnet
37.59.24.177,PossibleBotnet
46.105.128.215,PossibleBotnet
96.61.113.203,PossibleBotnet
41.77.74.214,PossibleBotnet
45.51.40.140,PossibleBotnet
83.156.88.159,PossibleBotnet
86.98.156.239,PossibleBotnet
82.8.232.51,PossibleBotnet
176.106.183.253,PossibleBotnet
193.33.38.208,PossibleBotnet
58.171.42.66,PossibleBotnet
200.119.11.118,PossibleBotnet
69.30.205.162,PossibleBotnet
93.147.141.5,PossibleBotnet
108.179.206.219,PossibleBotnet
108.191.2.72,PossibleBotnet
185.160.212.3,PossibleBotnet
72.29.55.174,PossibleBotnet
190.5.162.204,PossibleBotnet
45.79.95.107,PossibleBotnet
190.100.16.210,PossibleBotnet
144.139.56.105,PossibleBotnet
190.12.119.180,PossibleBotnet
72.27.212.209,PossibleBotnet
203.130.0.69,PossibleBotnet
192.161.190.171,PossibleBotnet
104.236.137.72,PossibleBotnet
206.189.112.148,PossibleBotnet
206.81.10.215,PossibleBotnet
50.116.86.205,PossibleBotnet
209.97.168.52,PossibleBotnet
107.170.24.125,PossibleBotnet
146.185.253.123,PossibleBotnet
181.129.104.139,PossibleBotnet
181.112.157.42,PossibleBotnet
163.172.97.112,PossibleBotnet
190.214.13.2,PossibleBotnet
181.129.134.18,PossibleBotnet
181.113.28.146,PossibleBotnet
181.196.207.202,PossibleBotnet
192.241.255.77,PossibleBotnet
181.140.173.186,PossibleBotnet
165.227.156.155,PossibleBotnet
67.225.179.64,PossibleBotnet
190.210.184.138,PossibleBotnet
51.255.165.160,PossibleBotnet
202.29.215.114,PossibleBotnet
163.172.40.218,PossibleBotnet
183.102.238.69,PossibleBotnet
167.99.105.223,PossibleBotnet
181.198.203.45,PossibleBotnet
124.150.175.133,PossibleBotnet
212.129.24.79,PossibleBotnet
46.174.235.36,PossibleBotnet
69.163.33.84,PossibleBotnet
186.71.150.23,PossibleBotnet
131.161.253.190,PossibleBotnet
138.197.140.163,PossibleBotnet
167.71.10.37,PossibleBotnet
201.184.105.242,PossibleBotnet
68.183.190.199,PossibleBotnet
46.101.212.195,PossibleBotnet
5.189.148.98,PossibleBotnet
212.129.24.82,PossibleBotnet
217.199.160.224,PossibleBotnet
62.210.142.58,PossibleBotnet
176.31.200.130,PossibleBotnet
125.99.61.162,PossibleBotnet
103.84.238.3,PossibleBotnet
170.238.117.187,PossibleBotnet
159.65.241.220,PossibleBotnet
104.131.11.150,PossibleBotnet
46.105.131.87,PossibleBotnet
186.159.1.217,PossibleBotnet
103.201.150.209,PossibleBotnet
200.21.51.30,PossibleBotnet
75.183.130.158,PossibleBotnet
36.89.85.103,PossibleBotnet
212.112.113.235,PossibleBotnet
190.220.19.82,PossibleBotnet
103.91.228.3,PossibleBotnet
186.4.172.5,PossibleBotnet
104.131.58.132,PossibleBotnet
80.249.176.206,PossibleBotnet
190.17.44.48,PossibleBotnet
173.171.132.82,PossibleBotnet
168.121.59.107,PossibleBotnet
212.129.56.179,PossibleBotnet
202.65.172.254,PossibleBotnet
212.83.128.139,PossibleBotnet
62.210.81.18,PossibleBotnet
195.154.58.200,PossibleBotnet
62.210.253.72,PossibleBotnet
212.83.146.230,PossibleBotnet
62.210.86.114,PossibleBotnet
163.172.81.35,PossibleBotnet
212.83.166.45,PossibleBotnet
62.210.36.193,PossibleBotnet
